52.56249883,48.52249892,55.68249876,46.09499897,43.43999903,42.97999904,40.3224991,40.2224991,33.31749926,40.56499909,33.01999926,32.31499928,37.81749915,29.88749933,32.58749927,33.11749926,47.14499895,42.01249906,36.83999918,35.52749921,35.8349992,37.21249917,37.42749916,41.81249907,42.18249906,34.07749924,43.60999903,50.92249886,45.23999899,62.91749859,60.49499865,43.27999903,50.32999888,63.69499858,46.04749897,40.63749909,51.51749885,43.32249903,59.71249867,41.32499908,37.45749916,51.20249886,41.84499906,35.8724992,53.6249988,52.92499882,59.98499866,51.70249884,42.96749904,51.91249884,52.85499882,54.60749878,47.85249893,43.65249902,48.79749891,35.7299992,64.78499855,48.29999892,43.67749902,44.13499901,46.11499897,39.83499911,42.70499905,44.20499901,48.84499891,49.62249889,49.52499889,44.04249902,56.33499874,48.27499892,52.62499882,61.17749863,41.20499908,51.62499885,49.79999889,48.96749891,62.8349986,46.06249897,59.99749866,45.78249898,42.95499904,71.6624984,62.89999859,55.13749877,56.01249875,63.82499857,55.82999875,61.82999862,69.32999845,56.59249874,62.6624986,70.27749843,62.4449986,71.5224984,66.9099985,64.63499856,63.36499858,63.84499857,65.42249854,67.66499849,62.7899986,56.93999873,62.08999861,50.63999887,54.40999878,59.90249866,77.03749828,64.04749857,64.65249855,60.56749865,73.47999836,67.42499849,68.58249847,59.43499867,56.00499875,65.19499854,72.44999838,67.46249849,70.06999843,66.56999851,57.22999872,69.03749846,51.17499886,59.05499868,61.18999863,53.31249881,56.05999875,50.23749888,57.09749872,47.92499893,49.1249989,49.46999889,59.54749867,51.35249885,48.90499891,46.57749896,51.01249886,38.43499914,35.8224992,40.50499909,31.80999929,37.57999916,38.88749913,46.66999896,43.05499904,44.48499901,42.03999906,57.73999871,48.68499891,42.71499905,40.0749991,56.20999874,37.69249916,40.02249911,36.27749919,39.98249911,38.14999915,39.70749911,43.89749902,42.42749905,52.24499883,46.54249896,51.95499884,51.55499885,45.98749897,55.52749876,41.43249907,43.16249904,45.32249899,49.61749889,46.32749896,46.14499897,55.08999877,50.67749887,53.41749881,47.94249893,51.98999884,46.43249896,57.47999872,62.21749861
61.67999862,64.83749855,39.60499911,32.14749928,34.95749922,48.02999893,36.63499918,22.3374995,20.66999954,16.90749962,30.01999933,17.25499961,12.45999972,12.17499973,14.36499968,13.96249969,13.68499969,12.18999973,17.02999962,12.06749973,15.19749966,15.63499965,13.15999971,12.17749973,15.29249966,21.73749951,26.03249942,27.92999938,36.50499918,24.86999944,33.32749926,32.80999927,27.74999938,27.58499938,33.44499925,39.66249911,38.29749914,41.19749908,43.83249902,42.28499905,39.31999912,40.2024991,40.4474991,32.64249927,37.55999916,50.07499888,57.42249872,52.34749883,54.54749878,60.97749864,62.5899986,65.73999853,60.06999866,74.66249833,64.37249856,64.06749857,68.31749847,63.76249857,64.71999855,65.66999853,58.0599987,63.94749857,58.57249869,64.00499857,58.48749869,55.94749875,54.83999877,51.82249884,53.7599988,49.3499989,51.41499885,43.77749902,43.64499902,51.53499885,54.29999879,55.11249877,46.55999896,43.74249902,38.61249914,37.98749915,35.27749921,38.04499915,35.48249921,44.06999901,61.00249864,71.16499841,68.16499848,79.20999823,70.90249842,68.89999846,66.27999852,74.94499832,84.8824981,77.47499827,85.70249808,78.77749824,80.90999819,73.32749836,70.63749842,64.15749857,64.42249856,56.23999874,65.89749853,69.37749845,66.8899985,66.42249852,70.88749842,67.58249849,80.28249821,78.59999824,85.0999981,82.00249817,77.32749827,74.08499834,75.43749831,66.41999852,64.73499855,68.10249848,62.4224986,64.96999855,63.89749857,62.04749861,69.86999844,67.85999848,63.86499857,59.18499868,57.50999871,52.20499883,52.08249884,48.87499891,49.96999888,41.31999908,38.63749914,35.15999921,36.46749918,37.51249916,31.2899993,34.34249923,36.78999918,38.27499914,35.24499921,34.16749924,33.35249925,30.08249933,32.39249928,34.06499924,30.26249932,23.72249947,24.92499944,30.83749931,27.43999939,26.49749941,29.52499934,29.56999934,26.9849994,24.65499945,27.87749938,19.03749957,20.57249954,18.75249958,13.2799997,19.42749957,18.63749958,21.21999953,19.15999957,17.8099996,21.09249953,31.4899993,36.10749919,43.89499902,71.89999839,53.11999881,55.89499875,50.43249887,43.61249903,53.6249988,49.85749889,47.78999893,56.37999874,42.73249904
21.47249952,25.25749944,24.11999946,25.26249944,25.12499944,23.54999947,22.97999949,23.54999947,23.40999948,22.80249949,23.11499948,21.74499951,23.83499947,26.27999941,27.07499939,30.68333265,43.96499902,54.23999879,58.81499869,25.53999943,24.13999946,31.2549993,29.90499933,19.69999956,11.00749975,9.609999785,11.70499974,9.83749978,9.214999794,12.08499973,11.41999974,15.09999966,11.69999974,15.25999966,17.44249961,13.08499971,11.38749975,15.25499966,19.22749957,22.3824995,23.53249947,32.45999927,33.78749924,35.7199992,36.85249918,38.42499914,35.49499921,37.40249916,48.17999892,48.14499892,56.58749874,48.58249891,45.79999898,45.32999899,45.85499898,50.89249886,48.53749892,50.71249887,55.95249875,53.8724988,56.26499874,54.85249877,56.48249874,50.72749887,43.95749902,53.21249881,48.33749892,43.24999903,36.58499918,38.52499914,34.55749923,32.67999927,29.97249933,25.69999943,26.44749941,30.22249932,32.19749928,33.96999924,28.12499937,31.04499931,39.69749911,49.3249989,53.08749881,58.95249868,56.58499874,54.97749877,41.97249906,31.63249929,34.31749923,33.47999925,47.45499894,57.38999872,60.29249865,56.86249873,49.82749889,48.16999892,46.95249895,42.30249905,35.7599992,35.9649992,35.22499921,36.33249919,47.03749895,38.05999915,52.50999883,43.37249903,53.11999881,65.68999853,52.87999882,79.87249821,82.76999815,71.95499839,60.31499865,65.83749853,68.07999848,68.00749848,73.73249835,80.03249821,84.71499811,76.51249829,65.58249853,56.83749873,57.61749871,66.9799985,63.80249857,59.72749866,62.89499859,54.78999878,53.06249881,49.0124989,57.39999872,54.59999878,54.63249878,53.7399988,51.92999884,56.92999873,52.17999883,58.68999869,48.72249891,44.23249901,37.98499915,31.99499928,32.28749928,34.75999922,30.70749931,23.32499948,20.58999954,17.6924996,18.0174996,17.16749962,13.5499997,18.34499959,31.4074993,29.47749934,31.98999928,27.65749938,17.33749961,31.71499929,18.96999958,21.98999951,12.21499973,16.51999963,8.904999801,5.977499866,11.68749974,13.2499997,8.622499807,8.269999815,7.222499839,10.47249977,14.07999969,9.099999797,14.23999968,13.01249971,21.33749952,25.86249942,22.5749995,23.20499948,25.83749942,28.33999937
20.96749953,22.5849995,22.82999949,22.09249951,22.13249951,22.4074995,27.73999938,30.26249932,29.72999934,28.06749937,25.85749942,26.7724994,28.58749936,28.55749936,31.03999931,29.92749933,25.28999943,28.36749937,29.28249935,28.01499937,27.43749939,21.92749951,19.36499957,22.4199995,21.97499951,23.10249948,16.69249963,17.60249961,25.97749942,10.05499978,8.619999807,78.90249824,54.84333211,39.25333246,7.759999827,13.08499971,13.66249969,9.639999785,9.077499797,11.78999974,12.20249973,13.3049997,13.74749969,14.66999967,16.76499963,20.42749954,16.16749964,19.77249956,19.47249956,18.58249958,16.28249964,15.73249965,16.02249964,21.60249952,17.28499961,19.84249956,27.11999939,32.83749927,34.15999924,41.44249907,44.45249901,47.44249894,44.534999,45.65999898,33.37499925,24.55249945,20.85999953,20.63499954,20.51749954,20.80249954,19.72999956,10.66249976,10.96499975,15.14749966,16.82749962,18.88499958,15.87749965,14.75749967,17.8824996,25.54499943,28.80249936,28.23749937,30.82499931,36.37749919,39.37999912,43.44249903,41.77249907,41.20249908,38.39749914,36.04749919,31.4424993,29.91499933,32.47999927,40.84999909,46.03999897,51.90499884,54.02249879,66.9999985,59.28749867,77.79749826,63.45749858,49.2049989,38.27499914,42.26249906,41.81749907,35.8499992,27.92499938,31.59999929,44.28499901,38.48999914,33.01749926,41.40749907,46.36999896,49.79749889,40.1499991,43.58749903,48.14499892,56.23999874,64.83749855,59.12499868,60.82999864,58.71999869,67.2799985,77.18999827,73.66249835,67.84249848,53.95999879,45.10749899,50.97999886,54.08499879,56.54249874,60.66249864,70.86249842,79.05999823,91.99499794,85.50249809,83.63499813,71.28999841,63.62999858,51.67749884,39.54999912,33.89749924,20.71749954,22.3174995,21.62749952,21.15749953,25.54499943,22.3074995,22.62499949,23.37749948,23.91249947,19.53249956,34.43999923,37.05749917,47.98999893,69.49499845,14.59666634,7.227499838,8.717499805,15.30499966,23.97999946,27.0499994,23.85749947,19.65499956,22.04999951,21.52249952,18.39499959,18.55499959,17.9524996,17.02499962,18.67749958,19.01249958,17.08499962,18.52249959,21.15999953,18.0649996,17.46249961,19.37499957,18.86999958,18.68499958
30.46749932,27.13499939,25.09499944,25.15499944,21.08999953,23.43999948,25.90999942,20.79249954,19.22749957,17.8224996,23.36749948,26.7449994,28.33499937,28.98249935,24.03249946,23.72999947,27.46749939,31.4874993,33.03249926,29.61999934,26.26249941,22.61499949,22.00249951,15.08999966,16.51749963,12.31999972,14.59749967,13.3049997,14.30999968,17.7474996,28.80999936,35.9174992,21.39749952,21.51499952,33.19999926,33.06499926,31.70249929,27.67749938,24.42749945,16.65749963,24.91249944,39.47499912,63.80749857,102.9899977,101.1674977,76.51999829,7.099999841,24.70999945,7.279999837,7.539999831,8.413333145,11.25499975,42.23749906,7.449999833,-99.98999777,12.43499972,15.69499965,12.82666638,15.32999966,16.53749963,34.02499924,58.19333203,21.09999953,32.01499928,17.23333295,28.12999937,32.00999928,13.2799997,13.3899997,-99.98999777,-99.98999777,5.35999988,4.354999903,3.634999919,29.38499934,9.013333132,24.56666612,25.10249944,35.7849992,36.22999919,35.07999922,44.942499,39.00249913,30.58999932,32.08749928,44.11499901,50.61999887,37.17749917,27.77249938,27.13999939,21.24249953,19.51749956,17.06749962,18.33999959,20.63749954,23.86499947,32.00249928,40.1774991,48.21249892,53.4949988,41.12249908,34.68999922,30.94499931,35.6124992,41.78499907,42.43999905,42.39999905,45.24749899,48.64249891,35.26249921,28.27249937,27.20249939,27.64499938,39.33499912,43.48749903,46.32249896,32.52249927,40.75249909,45.07499899,46.41999896,62.7574986,82.37999816,86.32999807,100.4324978,85.22999809,74.58749833,55.92749875,36.43249919,42.36749905,31.79249929,30.58749932,42.16499906,53.20499881,59.48749867,60.22999865,69.38749845,59.20499868,57.05249872,57.32999872,66.18999852,64.47999856,66.76666517,42.34499905,57.60999871,44.07499901,48.33499892,9.664999784,5.79499987,5.613333208,6.889999846,8.729999805,10.49749977,12.81749971,16.46499963,19.68249956,23.03749949,26.46249941,32.48749927,33.42749925,36.35749919,35.6199992,31.1499993,27.65499938,23.66499947,18.56999958,17.9949996,15.39999966,14.14999968,12.24249973,11.86749973,11.46499974,11.21749975,11.33499975,10.91999976,12.32999972,17.9274996,18.68499958,24.15999946,25.23249944,22.89999949
12.62249972,16.81499962,22.5849995,20.61999954,15.18749966,15.58999965,21.47749952,39.06749913,38.19249915,39.05249913,34.20749924,31.3624993,29.56499934,30.04249933,40.61999909,29.91499933,23.28249948,20.27749955,18.34249959,15.91249964,15.02749966,13.3599997,13.3324997,16.52999963,17.8399996,22.72749949,22.66499949,14.49499968,12.72749972,16.56249963,20.33999955,30.31999932,37.47749916,46.18999897,52.00249884,40.90499909,44.804999,36.10999919,38.67999914,39.50749912,29.19249935,27.28499939,39.63499911,41.03749908,55.97999875,66.38249852,72.18749839,71.7124984,46.03999897,55.28749876,72.39249838,66.46749851,18.60499958,22.3174995,31.4074993,27.12749939,27.38249939,24.78249945,39.78749911,41.88249906,47.66249893,54.64999878,41.83499906,-99.98999777,-99.98999777,149.9999966,-99.98999777,11.46666641,3.419999924,15.38249966,9.953333111,-99.98999777,14.76999967,149.9999966,-99.98999777,-99.98999777,58.93999868,76.67499829,93.55999791,79.06999823,34.84999922,25.07249944,25.20749944,23.25749948,24.38499945,27.36249939,31.3474993,27.09249939,23.64249947,23.59749947,22.98749949,15.84749965,11.34499975,12.54749972,16.83999962,20.33499955,45.65749898,52.60249882,56.18749874,55.13249877,44.607499,49.0024989,52.56749883,50.86499886,74.19749834,68.23749847,60.67499864,49.65749889,44.639999,43.98499902,44.759999,50.65999887,61.33999863,55.42999876,53.6274988,60.74249864,62.03999861,52.30249883,64.25499856,56.53499874,81.26999818,95.12999787,67.41499849,62.6824986,50.55249887,50.88999886,45.42499898,39.33749912,34.11749924,43.07749904,40.1824991,44.22749901,37.49999916,34.89249922,31.94749929,38.08249915,39.70499911,38.82249913,75.43749831,85.93499808,27.76249938,10.31249977,18.57499958,7.287499837,7.237499838,8.762499804,9.367499791,12.36999972,13.68499969,14.95999967,19.79999956,21.71249951,27.92249938,32.33749928,32.68999927,35.28499921,39.50499912,41.66499907,41.44249907,35.6474992,30.20999932,24.97249944,22.07249951,18.12749959,14.94749967,12.95749971,11.40749975,9.85999978,10.59499976,9.994999777,8.114999819,16.27999964,15.23499966,28.02999937,31.57249929,44.21249901,34.24499923,34.33499923,15.21666633,22.73999949
32.04999928,33.13999926,35.8324992,42.63749905,48.9999989,55.29749876,64.12249857,59.75499866,41.98749906,71.11499841,53.36499881,41.66499907,38.45999914,51.28249885,61.88999862,33.54999925,33.34999925,34.54249923,34.66499923,42.39749905,38.05749915,34.09499924,29.52499934,19.96249955,17.8299996,22.3899995,25.15249944,24.49499945,19.67249956,18.0274996,19.52749956,20.36499954,22.85749949,31.4574993,28.09249937,39.27749912,46.19999897,34.14499924,32.51249927,49.93499888,48.61749891,38.83249913,38.36999914,31.93499929,60.56249865,67.69999849,48.82249891,50.65249887,49.2124989,73.08749837,74.16999834,31.04499931,18.61249958,13.4649997,18.0999996,16.92499962,23.40749948,41.45749907,34.11999924,22.4699995,149.9999966,-99.98999777,-99.98999777,-99.98999777,-99.98999777,149.9999966,109.8499975,64.32999856,5.407499879,6.872499846,49.1149989,149.9999966,149.9999966,149.9999966,-99.98999777,-99.98999777,6.71999985,74.37499834,68.50999847,54.87249877,19.09749957,23.18749948,26.32249941,29.00249935,30.17499933,17.51249961,11.20999975,8.152499818,7.357499836,10.93999976,16.18499964,20.39499954,18.68499958,22.03749951,25.15749944,20.82249953,20.26999955,26.59999941,21.36249952,14.73999967,13.5024997,15.97249964,16.19249964,18.19499959,23.03749949,29.37999934,33.06749926,41.72999907,44.35749901,44.42249901,47.35749894,46.68999896,50.19249888,54.21999879,70.38499843,75.60999831,74.75999833,72.59499838,93.8274979,120.1999973,61.65749862,25.57499943,14.72999967,17.12999962,14.70999967,20.97499953,35.17999921,51.70749884,49.2774989,41.38999907,28.43499936,28.26999937,30.86999931,25.18749944,23.74749947,20.90749953,12.53499972,8.634999807,5.79999987,5.38999988,5.267499882,8.352499813,12.42999972,20.97499953,21.24999953,18.77499958,16.35999963,16.51249963,20.20749955,23.50749947,25.42749943,33.54499925,41.60999907,43.12499904,46.13999897,47.31499894,41.18499908,35.8499992,37.78249916,33.35749925,31.08249931,29.42249934,23.01499949,25.28749943,23.54249947,22.76999949,18.99749958,15.79499965,10.80999976,10.32749977,9.059999797,14.00749969,16.40249963,18.93249958,20.76499954,30.15499933,29.03499935,27.79749938,32.55999927,40.79666575
43.88999902,39.59249912,25.91499942,22.5524995,23.82999947,38.23999915,45.55999898,35.12749921,26.38999941,23.96499946,40.1424991,61.26999863,102.4874977,105.7699976,103.6299977,74.03749835,35.6924992,35.20749921,46.65499896,44.44999901,26.55749941,29.77749933,22.2199995,37.03749917,31.90499929,33.81749924,16.93499962,10.19499977,10.17749977,14.07749969,12.92999971,15.50249965,23.64249947,23.76499947,43.02749904,41.49499907,36.74499918,28.83499936,23.60249947,19.89749956,20.93749953,28.84499936,43.43249903,36.08249919,65.41249854,58.2349987,40.3299991,15.87749965,16.63499963,12.16749973,19.57499956,27.19249939,33.86499924,22.06999951,9.634999785,6.157499862,18.0574996,18.55999959,27.33749939,20.24249955,18.18749959,8.602499808,5.419999879,-99.98999777,-99.98999777,96.31999785,78.20666492,16.74999963,101.7099977,-99.98999777,77.56999827,96.22749785,-99.98999777,101.6749977,71.26333174,12.18499973,8.439999811,14.98666633,66.14666519,21.70749951,5.594999875,6.71999985,7.874999824,6.744999849,8.157499818,8.364999813,10.60999976,12.04249973,13.68999969,12.83999971,6.852499847,6.967499844,8.769999804,11.78749974,16.89499962,20.06749955,24.38749945,28.86499935,28.20999937,26.41499941,24.25499946,22.13499951,21.06999953,20.92749953,21.87499951,21.99499951,20.57249954,24.77249945,35.37999921,41.40499907,50.40249887,55.25749876,67.97749848,91.72249795,95.43249787,88.57749802,49.3249989,57.32749872,56.8866654,35.19499921,36.69249918,34.64249923,41.19749908,30.79999931,33.60249925,40.1374991,48.38749892,42.93249904,30.99499931,24.27249946,19.60249956,16.34999963,13.91749969,11.08249975,13.75749969,15.98999964,18.39999959,12.85249971,9.352499791,10.01749978,9.217499794,8.852499802,9.189999795,14.05999969,15.27999966,24.04999946,20.85249953,23.64249947,25.84999942,25.68499943,22.65999949,24.60249945,26.17249941,28.96499935,31.00749931,28.68749936,32.99249926,34.96499922,29.48249934,30.06999933,28.94749935,31.55249929,32.83999927,32.83499927,25.58999943,29.77999933,24.17749946,20.62999954,22.4249995,19.32249957,20.49999954,25.02249944,28.20499937,27.28249939,28.03749937,33.21999926,36.83249918,38.83999913,38.60499914,37.59749916
26.34999941,25.50999943,19.94749955,22.66249949,34.23749923,31.00499931,37.75249916,23.11249948,16.85499962,21.96999951,17.02499962,18.26249959,72.29999838,52.82249882,49.80749889,64.31749856,58.68499869,67.37249849,37.69249916,35.12499921,28.84499936,61.78749862,106.8524976,149.9999966,116.5424974,149.9999966,2.959999934,4.114999908,10.88749976,12.45999972,15.52999965,20.02499955,29.78999933,40.98249908,42.01499906,43.73749902,22.04749951,27.39749939,38.86249913,97.05999783,111.7499975,101.9899977,66.10499852,42.70499905,28.11499937,25.18999944,24.03749946,31.58499929,25.40249943,35.31749921,19.93249955,12.76249971,8.353333147,11.29749975,12.81999971,10.08999977,10.37749977,12.70499972,22.80249949,29.68249934,30.72249931,25.04999944,18.43999959,35.6199992,17.22999961,149.9999966,14.50749968,31.63749929,36.88999918,51.52999885,14.02499969,149.9999966,57.01333206,61.76749862,38.30749914,49.70333222,52.52749883,4.684999895,39.99999911,3.719999917,3.409999924,4.639999896,6.037499865,6.929999845,9.907499779,7.467499833,5.689999873,1.874999958,1.79999996,8.152499818,10.90999976,12.04499973,13.05999971,18.41249959,23.15249948,25.73499942,28.99249935,28.11749937,26.52249941,22.69499949,20.01499955,20.73749954,20.27249955,18.34249959,15.24999966,18.50249959,17.08499962,22.5899995,25.00999944,29.89749933,35.9274992,38.66499914,54.03999879,92.75499793,85.57499809,108.0799976,52.22249883,47.22999894,13.4424997,22.90749949,25.32499943,30.07749933,33.85999924,37.30499917,27.11499939,23.86999947,16.91249962,16.12999964,11.64499974,10.62999976,9.37999979,5.80499987,23.77999947,12.63999972,12.75749971,12.71249972,9.949999778,10.60499976,10.86999976,9.979999777,12.19499973,11.24249975,12.13499973,11.72749974,10.10999977,11.76249974,14.12999968,13.2324997,13.2199997,14.13749968,13.5899997,16.39999963,19.47249956,22.06999951,22.3224995,20.20499955,21.37249952,13.78999969,11.03749975,13.4374997,14.57749967,13.89499969,16.85999962,14.37249968,17.30749961,23.70999947,16.14499964,14.70499967,21.24999953,29.46999934,25.27999943,18.84249958,15.53749965,18.0699996,28.48249936,30.22499932,27.37749939,29.60499934,25.04499944,25.98749942
22.2549995,20.92499953,17.15499962,22.93999949,18.44749959,21.20499953,17.56249961,30.75249931,44.564999,37.58249916,26.7224994,18.50749959,57.18499872,51.86749884,76.98999828,40.93499909,47.38249894,71.5399984,43.46249903,60.27999865,62.5324986,47.21249894,19.77249956,82.2133315,105.2499976,105.4899976,149.9999966,14.68999967,14.07749969,12.26999973,13.07499971,21.37749952,24.62999945,26.54999941,24.77999945,33.94249924,20.18749955,24.74999945,58.89999868,43.39499903,61.12749863,57.06249872,25.08499944,20.95499953,16.66499963,23.92499947,16.04999964,15.61999965,15.98499964,38.33249914,30.79999931,20.08999955,25.88749942,44.02749902,27.24499939,11.55999974,18.43249959,19.45249957,32.59249927,35.18749921,22.74499949,18.86749958,17.62499961,22.3374995,32.04749928,94.37749789,109.2299976,97.98249781,87.53249804,42.25749906,30.20749932,149.9999966,104.423331,22.06333284,19.75749956,11.82499974,6.69249985,20.83499953,26.23499941,27.25249939,20.18749955,5.549999876,7.867499824,10.07749977,7.577499831,6.327499859,7.034999843,3.094999931,6.197499861,7.882499824,10.20249977,13.68749969,20.80249954,28.15749937,28.88999935,24.03749946,23.60749947,21.14749953,19.98749955,19.89749956,23.64999947,25.98499942,33.12999926,36.42999919,46.92499895,34.98749922,22.07499951,21.14749953,15.00499966,17.17499962,12.38499972,51.56499885,21.75249951,39.16749912,110.9966642,9.304999792,14.47999968,16.33749963,11.55249974,10.05999978,12.03749973,18.33249959,16.45249963,12.44249972,8.207499817,6.469999855,5.329999881,-99.98999777,-99.98999777,31.2399993,95.80999786,37.44999916,16.5866663,6.214999861,10.94333309,7.616666496,5.529999876,4.976666555,6.664999851,7.814999825,13.2624997,14.75999967,14.74499967,23.64499947,36.89999918,28.95749935,15.72499965,16.40749963,14.72499967,15.73249965,12.31499972,10.27249977,12.93999971,15.12999966,29.53999934,24.77499945,14.09249969,14.70749967,14.78999967,15.10749966,9.477499788,6.852499847,5.912499868,7.342499836,15.49999965,17.41499961,11.05749975,11.59249974,16.16749964,22.69249949,26.6974994,12.73249972,12.83249971,13.80749969,18.18249959,17.7774996,16.74249963,21.97999951,23.29249948,18.39499959
12.29999973,9.189999795,15.50999965,20.09999955,17.7599996,29.09499935,42.01999906,40.1999991,41.63999907,34.75499922,31.3049993,19.43999957,7.809999825,21.18499953,66.49749851,17.53499961,44.732499,45.92249897,36.73249918,25.63749943,25.13999944,23.00749949,20.11999955,11.04499975,6.142499863,-99.98999777,-99.98999777,-99.98999777,3.009999933,3.359999925,4.607499897,5.404999879,9.254999793,15.26249966,18.31249959,20.42249954,17.8299996,22.2699995,20.40499954,16.11249964,19.55499956,23.25749948,26.04249942,28.94499935,37.07499917,29.97749933,18.74749958,23.97249946,21.16499953,17.9974996,13.3849997,12.26999973,29.56249934,36.82499918,43.49499903,68.20333181,84.22499812,29.626666,38.64249914,31.78999929,23.90499947,8.892499801,11.14749975,21.52249952,22.66499949,30.56749932,132.482497,138.8799969,90.17999798,43.44999903,34.74749922,104.4599977,30.54499932,84.89333144,15.99999964,33.29749926,20.83749953,29.70999934,18.45749959,41.46499907,4.549999898,5.419999879,7.582499831,8.832499803,10.64499976,9.192499795,8.899999801,10.82999976,15.56249965,24.81499945,23.84749947,20.75749954,15.48499965,14.36999968,15.23249966,16.79749962,21.34749952,27.09499939,27.29249939,44.28249901,63.61499858,57.04749872,54.82999877,37.24499917,36.96249917,20.64499954,19.52999956,27.25249939,50.96666553,0.329999993,16.39999963,19.4633329,6.849999847,2.282499949,3.459999923,5.672499873,9.587499786,14.87499967,10.36249977,6.669999851,5.282499882,7.644999829,7.759999827,5.439999878,2.749999939,2.459999945,24.00999946,25.55333276,10.36749977,10.18749977,6.909999846,6.879999846,-99.98999777,9.579999786,31.65999929,27.0499994,25.76749942,30.47999932,17.56749961,23.50999947,15.66999965,4.077499909,2.864999936,2.937499934,9.117499796,7.62499983,7.539999831,14.83249967,24.73499945,33.50749925,19.52749956,21.64499952,20.91749953,23.91499947,24.91249944,19.23749957,13.73749969,9.954999777,14.61499967,21.84999951,10.39999977,8.639999807,19.26749957,13.77749969,14.71999967,17.37999961,10.30749977,6.444999856,3.374999925,4.332499903,8.219999816,13.92249969,29.91499933,58.55999869,42.81249904,16.56249963,23.46499948,23.18499948,28.21499937,18.76499958
12.18499973,9.40499979,33.10749926,7.909999823,26.9999994,36.25249919,34.91749922,51.30749885,44.44999901,23.50749947,7.679999828,8.242499816,2.862499936,6.166666529,8.234999816,29.31499934,35.30999921,26.77666607,19.16999957,16.91499962,21.07249953,17.8699996,7.864999824,8.527499809,9.906666445,-99.98999777,-99.98999777,-99.98999777,-99.98999777,22.62499949,17.20749962,5.35249988,13.02499971,-99.98999777,21.53666619,4.664999896,5.902499868,8.594999808,14.32249968,15.93749964,16.62249963,22.06249951,34.67999922,36.61499918,40.2449991,33.89249924,42.34749905,21.64499952,18.42249959,21.07249953,14.30999968,15.76249965,8.594999808,9.779999781,59.48999867,40.0974991,54.46999878,149.9999966,149.9999966,17.57499961,2.70499994,5.089999886,6.424999856,13.3449997,23.08999948,25.23249944,137.9799969,103.9224977,46.88499895,37.67999916,59.18999868,97.67249782,75.43999831,57.18249872,77.92249826,58.2499987,42.36666572,35.9499992,40.88499909,9.507499787,4.857499891,3.234999928,2.149999952,4.587499897,7.079999842,12.16249973,8.834999803,15.76499965,24.08249946,25.53499943,22.70749949,19.97749955,15.08499966,11.26999975,8.774999804,10.59249976,16.95499962,25.94249942,34.69749922,22.1999995,23.09249948,23.96999946,11.92749973,9.322499792,12.52749972,6.87333318,10.76499976,4.534999899,2.874999936,1.859999958,0.394999991,4.634999896,1.857499958,3.396666591,1.083333309,7.223333172,7.817499825,13.04749971,19.24999957,15.56249965,14.40999968,16.48499963,19.10749957,7.646666496,14.48999968,21.03249953,27.0199994,11.43249974,6.812499848,13.12999971,29.78999933,10.07249977,7.409999834,8.582499808,12.99999971,18.60249958,27.51999938,33.12499926,33.72249925,33.36749925,10.26249977,8.787499804,12.67999972,6.24749986,6.137499863,7.817499825,7.439999834,8.084999819,10.24249977,18.61999958,32.06499928,38.68999914,10.12499977,6.25499986,17.8174996,15.08499966,17.13249962,11.28499975,16.15999964,20.57499954,13.76999969,7.644999829,21.08249953,18.59499958,12.68749972,8.914999801,11.46249974,9.422499789,5.80749987,3.13249993,2.357499947,4.994999888,9.85999978,6.313333192,3.796666582,37.78333249,17.56333294,6.634999852,6.837499847,6.512499854
15.43499966,5.287499882,11.20999975,10.10249977,18.19499959,17.6774996,28.31999937,38.91749913,30.27249932,8.864999802,4.062499909,2.68999994,4.394999902,2.68499994,1.559999965,2.452499945,12.50249972,29.90999933,34.78333256,43.64749902,28.68499936,31.1874993,30.58749932,19.27666624,8.717499805,8.234999816,9.85999978,-99.98999777,-99.98999777,-99.98999777,5.132499885,10.37666643,19.96499955,18.88999958,4.383333235,8.013333154,7.742499827,3.894999913,4.247499905,8.779999804,11.28499975,21.40749952,11.42999974,46.99249895,43.34499903,31.5124993,53.8849988,48.64999891,43.19999903,44.844999,35.52999921,25.4366661,6.72749985,12.19249973,9.974999777,6.907499846,4.249999905,51.63666551,-99.98999777,-99.98999777,-99.98999777,2.939999934,8.717499805,8.33666648,16.95999962,19.12499957,7.919999823,19.71249956,39.44499912,49.2724989,36.15249919,31.3874993,18.33999959,18.86249958,20.73749954,38.18999915,46.90249895,36.02499919,43.53749903,24.20999946,26.38999941,43.61333236,19.64499956,2.884999936,3.414999924,5.094999886,10.19749977,24.24999946,24.72249945,21.26999952,16.33499963,12.34749972,7.059999842,5.604999875,3.954999912,5.032499888,9.479999788,10.68999976,5.21666655,12.00249973,4.486666566,3.349999925,-99.98999777,-99.98999777,-99.98999777,-99.98999777,-99.98999777,-99.98999777,2.409999946,1.974999956,1.764999961,1.934999957,1.439999968,0.789999982,0.979999978,5.846666536,6.472499855,7.449999833,13.03249971,14.60249967,19.80499956,10.35749977,5.169999884,6.124999863,16.42749963,22.91249949,20.51499954,16.61499963,23.88249947,32.25749928,31.1899993,41.06499908,26.7099994,17.15749962,11.04249975,10.21249977,15.47249965,17.31249961,16.31499964,14.51249968,10.83499976,8.51499981,6.429999856,8.283333148,7.089999842,3.59999992,1.829999959,-99.98999777,-99.98999777,36.06999919,31.4649993,-99.98999777,-99.98999777,6.469999855,10.56499976,15.02499966,13.73999969,13.86749969,10.59749976,8.184999817,11.36499975,12.03999973,18.89749958,29.25499935,25.33249943,12.46999972,7.992499821,9.754999782,12.15249973,18.82749958,14.40499968,12.0866664,10.21999977,7.939999823,4.299999904,3.213333262,6.313333192,6.229999861,1.929999957,2.589999942
5.907499868,7.037499843,10.41249977,13.2149997,12.51499972,16.82249962,13.5849997,13.18499971,11.72749974,4.04749991,2.352499947,3.11499993,3.979999911,7.132499841,24.95499944,17.69666627,19.4133329,33.19666592,23.53499947,22.5599995,12.20999973,14.03749969,13.83999969,13.5924997,20.73749954,16.39999963,12.25749973,5.739999872,1.35999997,-99.98999777,3.839999914,5.366666547,7.734999827,8.867499802,10.84499976,9.739999782,17.6899996,13.12999971,3.197499929,5.134999885,8.732499805,9.029999798,32.50749927,53.03749881,21.56499952,5.847499869,8.367499813,9.537499787,14.21666635,26.8249994,41.99499906,21.90249951,8.926666467,7.117499841,7.809999825,23.71499947,5.35749988,6.349999858,-99.98999777,-99.98999777,0.88999998,1.589999964,9.867499779,12.78249971,6.706666517,10.14333311,8.299999814,13.5374997,20.41249954,14.37249968,7.279999837,7.267499838,10.91249976,16.25749964,12.29249973,30.71249931,52.35749883,36.22499919,24.10999946,10.14999977,15.84249965,11.60249974,3.282499927,4.689999895,6.822499848,2.947499934,12.64999972,16.86499962,13.2074997,12.24749973,12.55249972,5.504999877,8.639999807,7.034999843,11.24666642,6.394999857,6.417499857,8.357499813,9.419999789,3.924999912,1.694999962,13.06499971,18.82499958,15.82749965,26.6749994,17.63666627,4.799999893,-99.98999777,-99.98999777,-99.98999777,-99.98999777,-99.98999777,-99.98999777,-99.98999777,-99.98999777,2.109999953,6.124999863,14.55749967,16.54249963,6.749999849,9.697499783,10.11249977,14.17999968,16.01499964,22.02499951,20.64249954,20.64249954,18.93999958,19.22249957,36.53249918,45.25749899,55.92999875,46.46749896,43.52749903,42.66999905,23.02999949,13.5524997,21.42499952,18.99249958,15.20999966,12.43499972,9.509999787,15.23499966,-99.98999777,-99.98999777,-99.98999777,2.139999952,-99.98999777,-99.98999777,-99.98999777,-99.98999777,-99.98999777,-99.98999777,11.40999974,13.65999969,20.05666622,13.65999969,14.51333301,9.82499978,20.24749955,22.66999949,11.44749974,13.86249969,13.04999971,23.08249948,30.61499932,17.8124996,17.20249962,19.43999957,28.15999937,24.12499946,20.75749954,26.40249941,23.86499947,19.85499956,12.54999972,12.08999973,5.569999876,5.486666544,6.859999847
9.572499786,12.36749972,14.05249969,14.06749969,19.96249955,7.329999836,19.52749956,13.2074997,5.664999873,5.174999884,6.437499856,5.472499878,4.176666573,10.33999977,9.549999787,34.33499923,25.63999943,47.30249894,23.74249947,34.61499923,18.59749958,15.47249965,12.72749972,15.52249965,20.57999954,16.82999962,13.2549997,12.35749972,7.997499821,10.2733331,24.97999944,12.81999971,13.4099997,6.71749985,5.269999882,7.189999839,4.91999989,-99.98999777,-99.98999777,3.41666659,4.536666565,11.93999973,12.91249971,5.764999871,7.369999835,19.91999955,18.25249959,25.32499943,39.39999912,70.81499842,22.01333284,9.614999785,-99.98999777,-99.98999777,-99.98999777,-99.98999777,5.969999867,5.306666548,6.209999861,4.139999907,2.277499949,1.822499959,5.214999883,17.9499996,16.19249964,8.184999817,8.022499821,24.21999946,41.7833324,13.04499971,4.202499906,2.889999935,10.96749975,17.54749961,12.89499971,36.09249919,44.22499901,23.45999948,11.72999974,6.399999857,6.204999861,5.83499987,11.14249975,15.71249965,15.03499966,10.26999977,10.06749977,15.90499964,11.18499975,6.687499851,3.357499925,2.979999933,4.784999893,24.85749944,19.37999957,8.287499815,6.839999847,8.832499803,7.777499826,7.00666651,6.006666532,10.55249976,29.40499934,17.64499961,9.704999783,16.41249963,16.56499963,16.29999964,7.344999836,2.869999936,-99.98999777,-99.98999777,3.836666581,9.459999789,11.94499973,1.289999971,3.352499925,6.27749986,8.05749982,17.8799996,13.72999969,28.2333327,17.38499961,5.579999875,7.649999829,15.98999964,12.43499972,8.874999802,5.332499881,7.337499836,11.64999974,13.5474997,15.48999965,15.14499966,20.69999954,22.95999949,17.20249962,13.79999969,18.57999958,25.90499942,25.95249942,21.93499951,21.18749953,21.21999953,-99.98999777,-99.98999777,-99.98999777,36.31999919,14.34999968,18.54499959,-99.98999777,-99.98999777,31.61999929,25.07999944,11.60499974,13.4499997,9.232499794,8.564999809,22.10999951,25.00333277,28.95749935,13.5249997,7.829999825,7.937499823,8.432499812,9.099999797,5.263333216,21.42999952,16.40999963,19.43249957,20.44749954,17.53999961,24.01249946,26.07249942,24.07749946,16.57999963,37.12999917,5.282499882,5.344999881,7.452499833
8.887499801,13.98249969,16.34499963,16.76249963,14.05749969,9.114999796,10.37499977,3.672499918,4.757499894,7.582499831,5.132499885,4.067499909,8.784999804,2.079999954,17.32999961,5.977499866,15.38749966,7.314999836,6.972499844,10.51499976,19.52999956,33.33249925,28.34749937,14.49999968,14.39666634,12.59249972,17.20749962,12.14749973,8.759999804,11.61249974,27.41749939,29.18249935,26.6499994,9.667499784,-99.98999777,-99.98999777,-99.98999777,-99.98999777,-99.98999777,-99.98999777,15.75999965,13.28333304,13.3574997,6.894999846,5.774999871,21.38749952,24.64999945,42.44499905,24.69499945,17.59999961,6.499999855,-99.98999777,-99.98999777,-99.98999777,-99.98999777,-99.98999777,-99.98999777,-99.98999777,-99.98999777,-99.98999777,3.326666592,4.104999908,7.077499842,10.14749977,26.58999941,27.52249938,16.97249962,8.569999808,3.799999915,2.292499949,2.162499952,3.407499924,11.78749974,12.84499971,18.42249959,34.59249923,43.22999903,18.18499959,13.90499969,5.727499872,2.962499934,6.139999863,15.74999965,22.09499951,20.63499954,30.15499933,30.90499931,24.87249944,14.05749969,10.51249977,21.28249952,30.29999932,7.482499833,15.12249966,7.559999831,4.072499909,6.869999846,7.799999826,15.14749966,15.47999965,14.03666635,5.894999868,9.293333126,11.97999973,5.127499885,4.31666657,11.59249974,24.70999945,11.43333308,2.054999954,1.299999971,-99.98999777,-99.98999777,2.956666601,8.202499817,8.493333143,6.449999856,4.994999888,8.779999804,11.24499975,14.66749967,20.87749953,29.14249935,35.13749921,46.24499897,35.8449992,49.96666555,50.93499886,42.89999904,24.70499945,9.064999797,5.296666548,4.542499898,9.572499786,12.87749971,14.70749967,15.30999966,16.38249963,15.82999965,22.3749995,21.64999952,25.21999944,24.29999946,15.87749965,13.5424997,14.98999966,18.58999958,24.33999946,46.71999896,36.97249917,-99.98999777,-99.98999777,53.5899988,38.48999914,16.43249963,23.75499947,30.83249931,35.53749921,17.01666629,5.739999872,8.019999821,8.652499807,9.642499784,9.219999794,8.734999805,6.747499849,6.70499985,6.624999852,8.707499805,10.50749977,5.109999886,9.569999786,13.5124997,17.9274996,15.41749966,10.78499976,9.097499797,11.19749975,7.914999823,3.303333259
6.989999844,6.437499856,12.27999973,14.19749968,12.76249971,16.78749962,11.48749974,9.41499979,5.479999878,8.722499805,14.60499967,12.71249972,6.183333195,3.269999927,4.507499899,14.02249969,14.66999967,16.73749963,20.54749954,12.95249971,8.792499803,9.747499782,22.03999951,19.57499956,19.82749956,25.77749942,22.95499949,17.7774996,15.12499966,10.62999976,14.64249967,21.63999952,22.88249949,15.52249965,8.9299998,8.719999805,15.51999965,14.35499968,22.77499949,19.93999955,12.80499971,20.27999955,9.049999798,9.989999777,23.39749948,12.81249971,15.80999965,14.04499969,18.13499959,10.54999976,-99.98999777,-99.98999777,5.669999873,-99.98999777,-99.98999777,-99.98999777,-99.98999777,-99.98999777,-99.98999777,-99.98999777,2.779999938,8.664999806,21.61249952,20.21999955,24.06499946,28.49249936,27.52499938,21.68249952,14.02749969,8.464999811,6.312499859,10.06499978,14.96999967,20.87499953,19.31999957,33.65499925,33.96499924,13.96499969,11.36499975,5.80999987,12.20999973,7.319999836,8.394999812,11.58749974,46.37499896,56.52749874,23.63249947,40.0524991,64.46999856,52.44749883,19.72999956,8.974999799,8.49249981,8.212499816,3.59499992,5.774999871,7.247499838,6.474999855,9.479999788,11.67999974,5.36249988,6.062499864,6.166666529,8.51999981,-99.98999777,1.609999964,4.747499894,9.937499778,5.324999881,2.807499937,1.363333303,1.214999973,-99.98999777,-99.98999777,2.969999934,1.989999956,-99.98999777,2.039999954,9.957499777,23.21249948,8.879999802,24.98999944,31.2674993,38.85249913,27.57249938,18.82749958,30.35249932,49.56499889,64.13499857,64.35749856,43.27749903,35.14499921,0.939999979,2.869999936,7.712499828,15.12999966,28.95999935,20.37249954,18.94749958,19.23749957,18.50499959,13.91249969,13.73999969,13.12499971,16.42499963,12.55499972,19.20249957,24.56749945,26.9499994,22.5549995,14.67999967,26.44499941,34.48749923,47.86249893,33.82999924,20.36999954,26.04499942,25.21999944,11.72999974,5.927499868,9.979999777,16.66249963,20.67749954,27.22749939,24.29249946,12.06749973,6.997499844,5.927499868,7.374999835,10.00999978,13.3899997,18.80999958,23.20499948,22.5374995,19.54249956,25.03499944,29.84249933,22.94749949,19.41249957,10.97249975
8.9649998,7.202499839,8.252499816,10.64249976,9.019999798,6.022499865,6.929999845,6.442499856,6.432499856,10.35749977,5.217499883,10.69749976,15.06999966,16.52499963,20.25249955,27.88749938,26.59999941,20.09249955,18.74999958,16.69249963,12.47499972,7.429999834,7.61999983,19.28249957,25.57499943,21.48499952,13.2449997,18.12499959,19.48999956,18.0574996,14.38499968,13.45333303,16.18999964,21.73249951,21.86249951,21.65499952,30.12499933,20.78999954,22.2974995,17.52749961,18.76749958,14.30249968,12.31249972,16.20749964,9.462499788,4.023333243,2.199999951,7.839999825,8.689999806,-99.98999777,-99.98999777,0.519999988,4.109999908,3.976666578,-99.98999777,-99.98999777,-99.98999777,-99.98999777,-99.98999777,-99.98999777,-99.98999777,8.672499806,20.17249955,26.00999942,25.74749942,23.81999947,20.46999954,15.96499964,11.34749975,6.907499846,10.11999977,20.53499954,20.42999954,15.63999965,16.65249963,34.46249923,28.52999936,14.46749968,9.82749978,6.887499846,2.809999937,6.973333177,7.482499833,17.15499962,55.75999875,72.98499837,65.72999853,77.19666494,56.39749874,32.28249928,14.00249969,17.7649996,27.79249938,18.56749958,16.27999964,8.904999801,4.812499892,2.364999947,-99.98999777,-99.98999777,14.37666635,8.174999817,17.50249961,7.376666502,5.36999988,2.37333328,2.659999941,4.864999891,2.709999939,2.994999933,1.854999959,1.644999963,1.32999997,-99.98999777,-99.98999777,-99.98999777,-99.98999777,0.379999992,5.874999869,18.60249958,13.5274997,13.97999969,21.19999953,31.1224993,28.26499937,25.32499943,22.3424995,13.4049997,19.12249957,35.8324992,60.23749865,58.58333202,53.38999881,-99.98999777,4.272499905,7.297499837,20.10249955,16.87999962,14.86999967,17.9524996,14.56249967,12.90999971,12.28999973,11.37999975,13.84499969,7.414999834,8.647499807,14.12499968,10.72499976,9.064999797,7.493333166,12.83749971,31.65999929,39.88999911,44.45749901,41.60499907,50.00666555,52.70749882,58.1599987,8.422499812,9.167499795,14.87749967,18.66749958,19.81999956,10.20499977,7.699999828,7.977499822,3.947499912,8.894999801,14.96749967,27.14249939,30.43749932,33.20749926,34.73499922,19.99749955,13.15499971,10.84249976,20.18499955,12.56499972,11.11749975
12.34249972,19.64999956,16.38999963,23.01249949,21.85249951,12.46749972,6.744999849,5.224999883,5.144999885,3.629999919,8.239999816,10.92749976,13.2499997,14.87749967,17.56249961,22.02749951,19.87499956,16.08999964,12.51249972,8.904999801,8.544999809,6.367499858,6.364999858,13.5849997,12.89999971,19.80999956,17.61249961,15.34499966,20.08499955,18.53999959,14.77999967,11.25749975,8.987499799,10.00749978,19.98999955,27.47999939,22.95499949,16.83499962,23.98999946,11.31999975,7.15999984,6.774999849,7.17249984,18.63249958,24.51499945,16.64249963,4.894999891,2.67499994,-99.98999777,-99.98999777,5.909999868,2.779999938,7.369999835,3.259999927,-99.98999777,-99.98999777,-99.98999777,-99.98999777,-99.98999777,4.249999905,11.03999975,22.4874995,14.61249967,15.46749965,22.4324995,20.15999955,22.60249949,21.22749953,20.46249954,10.99999975,11.90749973,23.67499947,20.32999955,14.89999967,25.32499943,33.22749926,20.69499954,16.17249964,9.287499792,4.332499903,3.697499917,7.267499838,5.902499868,8.712499805,21.71749951,29.76749933,11.87499973,9.469999788,27.62999938,36.16749919,36.98499917,27.41499939,26.16999942,40.60249909,58.95499868,55.96499875,36.68249918,19.84999956,9.324999792,4.719999894,6.956666511,12.05999973,16.61499963,8.794999803,1.679999962,-99.98999777,-99.98999777,3.389999924,2.269999949,2.542499943,7.662499829,5.402499879,1.553333299,-99.98999777,-99.98999777,-99.98999777,-99.98999777,-99.98999777,-99.98999777,7.904999823,8.384999813,8.624999807,12.86499971,16.29749964,15.62499965,16.57499963,15.37749966,25.74749942,41.10999908,25.43999943,37.83249915,61.27999863,70.48749842,12.31499972,2.21999995,5.974999866,12.84249971,16.11749964,14.17499968,15.53249965,17.8849996,9.646666451,13.64999969,9.41749979,3.984999911,1.744999961,-99.98999777,15.96999964,13.5849997,8.452499811,6.934999845,-99.98999777,11.37499975,10.31749977,15.22749966,31.84499929,44.39749901,32.76249927,17.63249961,3.819999915,6.547499854,13.2649997,11.91249973,18.41249959,12.27999973,14.07249969,5.909999868,3.809999915,3.099999931,33.41999925,27.68499938,19.89999956,17.7974996,13.82499969,10.81499976,24.28499946,13.17749971,13.72999969,10.98999975,7.962499822
6.26999986,12.37999972,18.69999958,19.21666624,18.47499959,17.17999962,5.977499866,4.547499898,6.477499855,6.429999856,8.857499802,6.607499852,6.532499854,5.644999874,7.929999823,8.882499801,5.997499866,6.124999863,6.134999863,6.429999856,7.317499836,7.819999825,7.58749983,6.71999985,7.487499833,6.107499863,20.91249953,20.50499954,15.74749965,10.83749976,18.21999959,14.48499968,20.83999953,15.02749966,18.0424996,26.17249941,18.79249958,24.62749945,8.019999821,9.744999782,8.359999813,9.484999788,12.93499971,17.51749961,20.63499954,23.26499948,17.9624996,7.574999831,3.12999993,-99.98999777,-99.98999777,6.57666652,13.74249969,8.119999819,-99.98999777,4.859999891,9.509999787,10.45999977,12.40999972,15.58499965,23.80249947,26.8549994,12.89499971,9.872499779,17.41749961,20.18249955,32.45749927,33.99499924,31.5124993,28.89999935,36.52249918,38.21749915,34.66999923,36.59999918,22.97999949,17.70666627,14.28666635,14.23249968,12.78999971,5.544999876,4.744999894,5.107499886,3.052499932,3.154999929,5.049999887,15.39499966,4.959999889,4.486666566,13.82499969,16.29249964,15.43749965,15.90249964,29.31999934,23.8733328,33.56499925,33.06999926,39.34249912,36.0124992,20.73499954,13.89499969,8.789999804,11.09249975,22.07749951,7.827499825,2.85333327,-99.98999777,3.179999929,2.67999994,1.099999975,7.296666504,12.06249973,15.90999964,16.10749964,7.214999839,-99.98999777,-99.98999777,0.259999994,0.369999992,-99.98999777,-99.98999777,2.279999949,-99.98999777,9.969999777,7.907499823,8.707499805,11.01999975,25.76499942,22.94499949,20.84249953,15.97499964,22.2874995,41.69999907,53.35249881,24.55249945,8.419999812,2.899999935,14.30749968,13.6174997,18.86249958,14.01249969,12.25999973,13.5949997,22.44333283,15.87666631,38.9666658,25.93249942,27.85499938,12.85249971,5.584999875,1.119999975,0.649999985,1.839999959,-99.98999777,-99.98999777,2.979999933,8.467499811,26.09999942,25.67499943,45.94333231,8.692499806,7.729999827,10.18499977,10.20249977,15.46999965,19.96249955,18.42999959,11.25249975,-99.98999777,63.31999858,-99.98999777,-99.98999777,-99.98999777,34.06499924,19.17249957,7.709999828,6.554999853,6.484999855,7.552499831,7.514999832,5.734999872
35.46749921,20.22499955,27.84999938,-99.98999777,4.504999899,5.427499879,3.13249993,4.339999903,4.839999892,5.077499887,4.737499894,4.93499989,5.679999873,5.744999872,5.892499868,7.274999837,11.33499975,13.6124997,12.57749972,9.40749979,7.477499833,7.894999824,7.717499828,5.929999867,4.272499905,4.549999898,14.78999967,22.2224995,17.29749961,15.58749965,25.91999942,27.83749938,22.10499951,23.03499949,28.92999935,26.48749941,31.08499931,17.50249961,24.80749945,41.90249906,49.43333223,28.01333271,41.93249906,56.94249873,39.19499912,26.37749941,10.30999977,8.832499803,6.504999855,2.839999937,-99.98999777,8.409999812,10.99666642,12.15749973,2.739999939,9.519999787,13.95499969,14.26999968,20.32499955,17.8749996,15.42999966,32.02999928,43.73749902,37.23999917,26.7449994,13.83499969,11.34666641,10.44499977,18.89749958,42.16999906,40.69499909,47.39749894,32.18499928,9.302499792,7.109999841,8.687499806,11.95749973,14.33999968,16.17999964,13.4199997,9.642499784,4.319999903,6.037499865,5.487499877,2.639999941,3.59499992,2.253333283,5.599999875,6.626666519,7.61999983,8.003333154,5.662499873,2.68499994,3.789999915,3.524999921,5.80749987,10.84999976,12.89999971,20.89999953,26.36249941,14.33749968,8.604999808,23.40999948,13.82749969,1.737499961,2.804999937,13.11333304,15.76999965,5.633333207,9.86499978,14.12749968,13.85749969,7.254999838,3.56749992,3.319999926,0.929999979,0.949999979,2.467499945,2.027499955,2.647499941,1.892499958,2.394999946,3.749999916,7.654999829,5.81499987,12.70999972,21.92499951,19.80666622,11.27999975,6.914999845,12.31999972,7.914999823,9.82499978,13.66499969,10.18499977,9.579999786,10.03499978,14.63499967,15.18999966,14.56999967,10.71249976,16.06999964,-99.98999777,67.75999849,21.70249951,12.12333306,3.944999912,8.48999981,4.809999892,-99.98999777,10.55999976,-99.98999777,-99.98999777,-99.98999777,-99.98999777,4.709999895,6.204999861,14.02999969,37.82249915,29.44999934,11.48999974,15.41999966,13.09249971,9.172499795,24.96249944,24.27749946,17.34999961,72.83999837,49.1449989,37.74749916,49.0649989,-99.98999777,-99.98999777,12.97999971,9.026666465,8.022499821,8.342499814,6.389999857,3.877499913,4.392499902
31.3574993,26.07749942,26.43999941,-99.98999777,4.00999991,6.099999864,5.964999867,4.04749991,4.384999902,5.83499987,6.849999847,8.9299998,6.212499861,5.79749987,4.774999893,4.292499904,5.242499883,4.964999889,7.234999838,8.702499805,8.544999809,10.10499977,7.544999831,4.147499907,3.402499924,4.874999891,9.469999788,19.34749957,23.33999948,13.15999971,8.679999806,26.33249941,29.89749933,17.47749961,25.30749943,27.54999938,23.11249948,12.17999973,11.09999975,10.17249977,7.782499826,7.637499829,33.37749925,58.71749869,72.57499838,50.87749886,32.93749926,6.889999846,2.512499944,2.646666608,-99.98999777,-99.98999777,9.953333111,13.3349997,7.799999826,4.182499907,9.134999796,9.184999795,20.16999955,17.05499962,28.42249936,40.77499909,47.76999893,25.42999943,19.47999956,10.74999976,26.08999942,39.38249912,69.95749844,34.67249923,8.379999813,9.172499795,5.412499879,3.792499915,7.289999837,11.19499975,7.344999836,13.2449997,13.3574997,12.68999972,11.92999973,7.937499823,11.43249974,9.367499791,7.59749983,3.317499926,2.744999939,5.194999884,8.249999816,-99.98999777,79.63749822,49.0774989,17.54999961,9.869999779,31.81999929,11.01999975,13.98999969,16.67249963,14.68999967,9.719999783,9.196666461,13.78749969,18.40499959,11.16999975,3.919999912,2.939999934,9.429999789,10.76249976,6.212499861,13.13749971,21.14249953,23.18499948,13.97499969,10.04999978,8.743333138,19.63999956,16.32249964,5.867499869,5.924999868,5.37249988,11.05749975,7.437499834,11.51249974,3.989999911,3.359999925,3.177499929,2.073333287,2.029999955,-99.98999777,-99.98999777,-99.98999777,-99.98999777,-99.98999777,-99.98999777,1.724999961,14.05999969,6.499999855,7.669999829,15.22499966,13.5874997,9.40999979,11.43999974,51.16333219,19.38249957,9.169999795,8.244999816,4.769999893,5.199999884,-99.98999777,-99.98999777,-99.98999777,-99.98999777,4.389999902,-99.98999777,-99.98999777,-99.98999777,8.979999799,8.527499809,20.54499954,15.62249965,19.78999956,15.86749965,9.952499778,13.00249971,14.68249967,20.55249954,33.57999925,62.89749859,35.05499922,28.75499936,-99.98999777,-99.98999777,-99.98999777,-99.98999777,-99.98999777,12.05333306,10.78249976,5.409999879,6.467499855,5.687499873
24.24749946,29.16999935,27.49999939,-99.98999777,4.92499989,6.092499864,5.609999875,5.232499883,5.914999868,6.499999855,7.282499837,5.687499873,5.779999871,5.282499882,6.787499848,7.427499834,6.804999848,8.859999802,6.572499853,4.739999894,5.279999882,5.324999881,5.949999867,5.579999875,4.827499892,2.979999933,4.534999899,16.65749963,36.47499918,16.96249962,9.424999789,13.09999971,18.85499958,14.08749969,23.79999947,25.92666609,21.19499953,14.41999968,14.42999968,6.447499856,1.753333294,4.013333244,11.93499973,18.63749958,15.59999965,11.71499974,17.7324996,26.9074994,16.68749963,3.483333255,-99.98999777,7.659999829,7.983333155,9.654999784,15.31249966,9.367499791,6.994999844,8.659999806,13.2849997,24.10499946,25.64499943,26.30499941,22.90499949,17.25249961,14.48999968,66.20499852,68.03249848,38.81749913,14.77499967,4.749999894,2.879999936,2.534999943,4.567499898,5.477499878,4.992499888,7.419999834,8.137499818,11.33749975,10.00999978,8.48749981,8.224999816,10.78499976,8.302499814,16.13999964,9.064999797,4.90249989,28.38749937,14.40249968,10.07499977,35.5899992,26.16499942,32.12249928,64.10999857,32.70249927,18.15999959,13.6174997,17.32666628,17.48749961,9.214999794,6.564999853,14.52999968,18.1174996,23.62999947,4.93999989,3.369999925,14.58666634,10.10666644,7.29333317,5.299999882,8.333333147,26.17999941,11.97249973,8.394999812,12.25749973,6.779999848,9.127499796,6.977499844,7.347499836,10.65999976,20.24499955,16.2166663,16.11499964,9.903333112,8.49999981,2.619999941,3.227499928,2.164999952,1.79499996,-99.98999777,-99.98999777,-99.98999777,-99.98999777,-99.98999777,-99.98999777,-99.98999777,-99.98999777,3.189999929,4.724999894,5.159999885,4.683333229,-99.98999777,8.503333143,6.382499857,3.532499921,2.447499945,3.039999932,2.519999944,4.824999892,-99.98999777,-99.98999777,-99.98999777,1.984999956,2.749999939,1.234999972,1.476666634,2.809999937,-99.98999777,7.659999829,10.93749976,16.64333296,-99.98999777,21.33333286,14.27249968,15.12499966,15.73249965,14.04499969,32.88499926,29.22499935,-99.98999777,-99.98999777,36.71999918,39.49999912,-99.98999777,-99.98999777,-99.98999777,7.049999842,9.023333132,8.169999817,6.72499985,6.807499848
19.23749957,26.59999941,-99.98999777,-99.98999777,7.369999835,7.914999823,9.519999787,7.794999826,8.434999811,9.947499778,9.214999794,8.04249982,6.649999851,6.807499848,7.707499828,10.33499977,7.647499829,15.99249964,7.704999828,3.799999915,5.399999879,5.466666544,10.42666643,4.513333232,6.644999851,6.289999859,4.104999908,20.52999954,26.9749994,11.65749974,6.28249986,8.989999799,13.75499969,15.78666631,33.60249925,25.53999943,17.30249961,6.944999845,10.37749977,16.98999962,13.65499969,10.13249977,4.604999897,6.874999846,3.327499926,5.042499887,3.099999931,7.967499822,13.2299997,19.77999956,12.49499972,15.77499965,-99.98999777,4.91999989,10.12749977,7.209999839,6.824999847,5.119999886,11.80499974,21.14249953,22.06749951,22.3949995,21.53999952,13.5324997,32.15666595,58.50749869,17.53499961,7.419999834,4.974999889,3.309999926,3.042499932,6.922499845,11.85499974,9.879999779,18.21999959,10.40749977,5.152499885,11.03749975,7.009999843,7.959999822,8.149999818,8.187499817,9.302499792,11.26499975,12.02499973,15.99499964,32.72499927,19.60749956,14.45666634,47.23333228,16.13249964,11.67499974,71.83749839,66.04249852,37.71499916,10.19999977,5.993333199,-99.98999777,7.929999823,-99.98999777,7.327499836,11.09749975,13.04333304,3.069999931,4.749999894,3.407499924,7.62249983,11.54999974,5.994999866,7.919999823,14.94999967,15.89999964,12.25499973,13.07249971,17.63499961,5.027499888,1.432499968,2.449999945,5.37999988,13.70999969,35.6549992,21.98333284,15.70999965,6.696666517,2.723333272,2.884999936,5.659999873,8.9449998,3.749999916,5.869999869,8.9299998,8.614999807,1.689999962,-99.98999777,-99.98999777,-99.98999777,-99.98999777,-99.98999777,-99.98999777,-99.98999777,3.869999913,2.486666611,16.74749963,7.687499828,4.636666563,4.354999903,10.98749975,-99.98999777,20.21999955,13.98999969,5.544999876,2.789999938,-99.98999777,-99.98999777,2.69499994,8.276666482,14.693333,13.31666637,21.82499951,20.24999955,6.869999846,13.14999971,19.21499957,7.539999831,12.62749972,17.7999996,19.96249955,19.71999956,-99.98999777,67.99999848,60.68666531,50.27749888,47.38749894,-99.98999777,-99.98999777,-99.98999777,-99.98999777,6.102499864,6.287499859,10.87749976
18.57333292,-99.98999777,-99.98999777,-99.98999777,6.949999845,5.202499884,9.567499786,10.27249977,9.479999788,8.369999813,8.114999819,10.24499977,5.879999869,11.58333307,9.082499797,16.64666629,36.72249918,35.8349992,27.48999939,10.29249977,2.709999939,2.619999941,5.499999877,5.904999868,1.984999956,1.509999966,5.524999877,11.60749974,10.28749977,8.412499812,8.852499802,11.18499975,23.09749948,24.08999946,19.75499956,22.4374995,19.90999955,7.576666497,6.002499866,10.74499976,22.60249949,15.99499964,4.849999892,3.639999919,7.054999842,11.51749974,12.15249973,14.52749968,14.68999967,6.614999852,9.439999789,22.75749949,35.6174992,15.61749965,9.239999793,1.659999963,-99.98999777,-99.98999777,4.724999894,13.15499971,21.12999953,13.4524997,16.41749963,23.70249947,16.93999962,4.617499897,6.149999863,8.824999803,5.584999875,2.042499954,6.117499863,9.519999787,12.22249973,10.13749977,6.757499849,6.179999862,4.512499899,7.634999829,8.019999821,7.644999829,14.45999968,11.36749975,9.884999779,9.892499779,11.03249975,13.75499969,19.74249956,21.10749953,15.39499966,15.29749966,18.16749959,12.96499971,53.05249881,33.38249925,12.48499972,7.372499835,6.797499848,3.603333253,1.309999971,0.999999978,1.619999964,3.699999917,8.374999813,3.593333253,-99.98999777,4.069999909,6.044999865,12.55999972,17.25249961,14.90749967,15.18999966,13.73499969,6.869999846,12.87999971,18.32499959,11.28249975,9.914999778,12.11749973,9.85999978,10.84999976,37.27499917,19.97249955,9.219999794,3.639999919,4.356666569,-99.98999777,-99.98999777,8.859999802,4.359999903,9.607499785,13.4699997,8.283333148,3.664999918,2.909999935,-99.98999777,-99.98999777,-99.98999777,2.719999939,21.36999952,15.00499966,12.15999973,16.65999963,19.43999957,9.932499778,9.724999783,3.739999916,-99.98999777,11.75499974,19.65499956,20.07999955,-99.98999777,-99.98999777,-99.98999777,-99.98999777,7.959999822,18.27999959,14.89249967,5.599999875,6.079999864,6.109999863,2.924999935,-99.98999777,7.219999839,10.01999978,9.567499786,16.79249962,13.3899997,23.89999947,26.22499941,21.04249953,33.93249924,32.07499928,38.93999913,31.3399993,-99.98999777,-99.98999777,-99.98999777,7.439999834,5.444999878,6.594999853
34.28999923,-99.98999777,71.83999839,8.05999982,4.582499898,5.127499885,8.747499804,8.157499818,8.409999812,8.402499812,9.129999796,6.369999858,11.10499975,12.90666638,18.71499958,29.49999934,11.11499975,7.392499835,7.664999829,10.33249977,4.597499897,5.894999868,5.153333218,7.362499835,8.389999812,7.314999836,7.352499836,6.437499856,18.24499959,7.044999843,7.829999825,8.539999809,20.10999955,23.09499948,15.46249965,22.72499949,17.9824996,10.51499976,5.907499868,8.767499804,10.52749976,25.20999944,12.21999973,3.009999933,6.002499866,13.95999969,22.85999949,14.34499968,11.83249974,18.61499958,31.3199993,47.93499893,30.09749933,22.64999949,12.87999971,2.016666622,2.724999939,3.10999993,8.574999808,5.862499869,8.277499815,9.942499778,26.24999941,7.929999823,3.414999924,8.9699998,5.37499988,9.974999777,1.31999997,6.299999859,6.847499847,13.4674997,11.70749974,9.312499792,8.732499805,7.702499828,11.75499974,9.302499792,9.022499798,8.422499812,6.874999846,9.714999783,11.58249974,8.999999799,9.302499792,14.02499969,14.49249968,15.63499965,15.64999965,13.00249971,10.85499976,24.67749945,22.65749949,8.687499806,3.552499921,5.109999886,3.347499925,4.319999903,1.614999964,4.649999896,1.499999966,1.109999975,-99.98999777,0.339999992,-99.98999777,2.979999933,5.583333209,9.559999786,16.06749964,12.48249972,11.93249973,12.35249972,13.3249997,7.582499831,13.5474997,14.89749967,7.954999822,11.24666642,21.65999952,10.17499977,54.84749877,14.48499968,8.439999811,2.549999943,-99.98999777,-99.98999777,-99.98999777,4.659999896,-99.98999777,-99.98999777,12.69999972,17.27999961,14.43999968,6.394999857,17.01999962,13.15249971,12.52999972,14.90499967,12.53749972,8.469999811,9.032499798,8.119999819,-99.98999777,-99.98999777,-99.98999777,9.159999795,16.3966663,11.72249974,10.75499976,31.3824993,53.27999881,53.89333213,49.74999889,-99.98999777,4.429999901,12.10999973,3.727499917,2.814999937,2.24499995,1.539999966,0.829999981,-99.98999777,2.359999947,1.832499959,3.684999918,2.597499942,4.719999894,20.77999954,35.28249921,35.53666587,13.95249969,8.337499814,10.65749976,27.87999938,-99.98999777,-99.98999777,-99.98999777,5.079999886,5.883333202,6.682499851
26.6224994,22.84333282,24.0733328,6.799999848,5.144999885,4.512499899,7.327499836,8.377499813,6.859999847,6.199999861,8.792499803,5.854999869,15.10249966,32.41749928,26.75333274,12.28749973,4.682499895,5.239999883,3.037499932,3.199999928,3.879999913,3.819999915,4.767499893,4.4749999,4.274999904,5.739999872,3.734999917,3.303333259,-99.98999777,-99.98999777,-99.98999777,-99.98999777,12.89999971,25.26249944,23.35499948,14.51499968,11.82749974,10.19249977,5.052499887,2.199999951,7.422499834,12.39749972,14.63749967,7.877499824,10.15999977,8.789999804,20.01249955,30.08749933,20.66749954,27.35499939,52.53999883,37.16499917,51.70749884,29.09249935,11.57666641,1.549999965,3.107499931,5.859999869,4.519999899,6.164999862,13.3049997,17.48499961,10.63749976,2.137499952,6.584999853,5.237499883,3.359999925,2.284999949,3.037499932,4.434999901,5.072499887,5.152499885,5.184999884,6.052499865,8.06499982,7.224999839,6.972499844,6.897499846,8.157499818,10.71249976,11.75249974,9.784999781,11.80249974,7.382499835,9.189999795,7.842499825,9.514999787,12.98749971,13.01999971,10.3333331,11.63999974,42.32999905,8.547499809,4.824999892,2.596666609,3.519999921,2.016666622,1.724999961,3.699999917,-99.98999777,-99.98999777,2.089999953,2.479999945,0.954999979,-99.98999777,2.299999949,6.71749985,8.644999807,9.314999792,6.804999848,3.923333246,10.83666642,12.99499971,14.37749968,9.944999778,5.437499878,14.92999967,16.70333296,11.44499974,41.63499907,19.23249957,4.819999892,7.019999843,2.68999994,49.43999889,-99.98999777,-99.98999777,-99.98999777,-99.98999777,-99.98999777,-99.98999777,6.079999864,13.3624997,13.87249969,12.99249971,15.43499966,14.83749967,14.90999967,9.733333116,8.712499805,7.049999842,21.14999953,-99.98999777,-99.98999777,12.81999971,11.50499974,13.89499969,3.519999921,15.32499966,45.51749898,87.87749804,83.06999814,44.39999901,7.449999833,-99.98999777,-99.98999777,-99.98999777,-99.98999777,2.549999943,2.24499995,2.714999939,-99.98999777,-99.98999777,1.833333292,1.812499959,1.109999975,2.837499937,19.97249955,35.32999921,19.74749956,11.51499974,10.99499975,7.039999843,-99.98999777,-99.98999777,-99.98999777,32.98999926,40.30333243,6.989999844,4.384999902
8.082499819,12.66749972,12.86666638,4.164999907,3.829999914,5.512499877,7.992499821,7.60249983,8.48999981,7.61749983,7.527499832,9.194999794,26.51999941,20.49999954,17.8199996,7.559999831,6.467499855,4.124999908,2.404999946,2.822499937,7.857499824,12.53249972,9.297499792,9.904999779,10.01749978,5.397499879,3.59749992,2.709999939,1.584999965,-99.98999777,7.15999984,8.099999819,-99.98999777,14.49333301,20.25999955,10.14249977,11.12999975,7.227499838,3.889999913,6.169999862,4.054999909,5.527499876,7.242499838,16.02749964,15.67999965,22.98999949,21.44999952,30.87249931,28.08749937,21.97333284,9.004999799,8.892499801,22.02249951,12.13249973,0.944999979,2.449999945,3.532499921,6.559999853,7.852499824,10.47999977,10.11249977,10.21666644,3.12499993,4.754999894,3.74333325,2.202499951,1.202499973,2.723333272,5.057499887,6.189999862,6.652499851,5.162499885,5.564999876,6.767499849,8.567499809,8.999999799,12.36749972,10.28749977,8.677499806,9.774999782,9.947499778,10.76249976,9.82499978,7.687499828,10.00499978,7.14249984,10.25249977,18.0499996,14.10999968,11.81249974,26.52749941,18.48499959,3.57499992,3.172499929,7.59249983,9.164999795,4.663333229,1.419999968,4.354999903,2.839999937,-99.98999777,-99.98999777,-99.98999777,1.306666637,5.444999878,6.232499861,4.824999892,4.449999901,5.219999883,5.144999885,3.86666658,-99.98999777,4.976666555,7.634999829,5.967499867,-99.98999777,-99.98999777,-99.98999777,11.06999975,27.60499938,11.23249975,10.17499977,15.12999966,16.63499963,17.14499962,-99.98999777,-99.98999777,-99.98999777,-99.98999777,-99.98999777,15.89999964,11.59499974,14.36999968,10.66999976,11.78499974,10.91499976,11.01999975,11.38749975,10.30749977,11.25666642,1.149999974,1.874999958,7.399999835,3.874999913,8.127499818,10.02999978,6.009999866,15.56249965,29.68749934,62.4724986,92.59249793,61.36249863,14.94499967,9.463333122,2.984999933,4.699999895,2.363333281,8.217499816,10.40249977,7.59999983,7.779999826,-99.98999777,-99.98999777,1.944999957,0.359999992,0.933333312,3.457499923,8.879999802,19.92749955,15.64249965,11.53999974,8.127499818,3.609999919,-99.98999777,-99.98999777,13.41333303,16.62999963,42.70499905,31.5174993,12.13999973
9.183333128,8.463333144,-99.98999777,4.677499895,2.197499951,3.349999925,6.414999857,6.499999855,7.202499839,8.412499812,8.837499802,13.96749969,14.32499968,16.61999963,4.897499891,3.023333266,6.157499862,7.702499828,5.322499881,10.10749977,11.81749974,16.72999963,13.10499971,8.672499806,7.204999839,4.152499907,4.874999891,9.694999783,8.997499799,3.729999917,2.113333286,7.306666503,-99.98999777,-99.98999777,-99.98999777,5.849999869,6.619999852,4.669999896,4.4899999,6.624999852,5.584999875,1.644999963,2.374999947,2.639999941,5.144999885,26.58749941,29.11249935,34.81333256,16.60333296,11.59499974,3.889999913,3.622499919,5.717499872,2.66999994,4.202499906,4.527499899,8.802499803,11.83999974,14.93999967,10.84249976,3.069999931,6.363333191,10.10249977,4.202499906,1.577499965,3.86666658,1.919999957,6.469999855,2.574999942,5.38499988,6.207499861,6.954999845,3.839999914,3.877499913,6.389999857,9.717499783,10.81499976,6.682499851,9.917499778,9.799999781,9.902499779,8.717499805,9.169999795,7.842499825,6.472499855,6.459999856,16.82249962,19.30999957,10.80999976,9.713333116,23.29499948,1.33999997,4.329999903,8.299999814,10.47999977,7.279999837,4.394999902,6.404999857,4.4599999,-99.98999777,-99.98999777,2.429999946,2.23999995,3.204999928,6.549999854,5.469999878,4.673333229,2.934999934,4.123333241,3.767499916,3.349999925,5.80499987,-99.98999777,2.819999937,7.439999834,-99.98999777,-99.98999777,-99.98999777,-99.98999777,38.17499915,5.916666534,8.477499811,11.54999974,11.22999975,-99.98999777,-99.98999777,-99.98999777,-99.98999777,-99.98999777,-99.98999777,15.79666631,16.09749964,13.95749969,22.64999949,15.66499965,14.63999967,13.4299997,8.179999817,12.24499973,20.11999955,14.07749969,7.089999842,3.699999917,8.427499812,14.74749967,9.357499791,17.09499962,29.63249934,42.31499905,66.60499851,82.19999816,48.52749892,9.84749978,8.52249981,4.054999909,11.60999974,11.46999974,8.48999981,5.529999876,1.139999975,-99.98999777,-99.98999777,1.664999963,1.604999964,0.919999979,2.924999935,5.137499885,4.864999891,5.937499867,6.749999849,4.529999899,2.469999945,-99.98999777,-99.98999777,19.4033329,2.264999949,4.794999893,13.3024997,20.27249955,23.89999947
7.764999826,5.956666534,2.107499953,1.793333293,2.22499995,3.167499929,6.327499859,6.934999845,6.762499849,9.527499787,9.784999781,21.61999952,16.69499963,17.12499962,8.943333133,4.742499894,5.162499885,5.614999874,4.679999895,11.48749974,10.71499976,6.537499854,4.209999906,3.347499925,4.329999903,5.472499878,7.112499841,8.122499818,5.669999873,7.732499827,1.499999966,3.994999911,-99.98999777,3.629999919,-99.98999777,-99.98999777,-99.98999777,-99.98999777,-99.98999777,5.614999874,8.112499819,1.239999972,1.289999971,3.052499932,5.914999868,11.71249974,15.36999966,18.93999958,7.997499821,4.356666569,5.134999885,4.744999894,1.579999965,2.979999933,3.467499922,5.253333216,5.917499868,6.634999852,3.487499922,3.854999914,5.37749988,5.529999876,5.849999869,2.299999949,1.77499996,5.304999881,4.659999896,3.782499915,4.389999902,3.906666579,7.902499823,8.352499813,5.36499988,3.239999928,5.962499867,5.747499872,4.589999897,6.27499986,10.62249976,8.717499805,7.827499825,8.249999816,11.39499975,8.457499811,9.554999786,13.6424997,15.31666632,-99.98999777,-99.98999777,-99.98999777,4.4699999,7.759999827,9.042499798,14.36666635,-99.98999777,15.69999965,6.436666523,13.5949997,-99.98999777,-99.98999777,-99.98999777,-99.98999777,4.869999891,4.209999906,2.059999954,1.583333298,2.21999995,2.736666605,3.923333246,3.479999922,2.739999939,3.226666595,3.959999911,-99.98999777,-99.98999777,-99.98999777,-99.98999777,-99.98999777,-99.98999777,-99.98999777,-99.98999777,-99.98999777,-99.98999777,-99.98999777,13.07999971,-99.98999777,-99.98999777,-99.98999777,-99.98999777,-99.98999777,12.92249971,18.57499958,19.72249956,20.25999955,20.75499954,21.23749953,13.74249969,20.37499954,41.53499907,28.28499937,20.92499953,11.04499975,6.459999856,28.18499937,38.88999913,19.33749957,19.56249956,39.20249912,46.09499897,53.37249881,59.30999867,37.69749916,18.31749959,26.00999942,14.03249969,13.14999971,6.074999864,3.792499915,3.702499917,4.229999905,-99.98999777,1.389999969,2.70499994,2.754999938,2.309999948,3.989999911,5.076666553,3.333333259,5.039999887,4.569999898,6.774999849,5.919999868,22.81999949,18.53749959,5.137499885,1.753333294,3.004999933,3.639999919,1.393333302,6.679999851
3.197499929,9.034999798,3.307499926,2.062499954,2.22749995,2.67249994,7.219999839,5.677499873,5.792499871,10.37499977,13.5174997,16.12249964,16.84999962,8.842499802,8.834999803,3.349999925,4.739999894,12.0166664,6.769999849,7.502499832,7.237499838,8.51749981,7.402499835,6.639999852,8.114999819,6.469999855,6.332499858,8.597499808,13.3774997,14.95749967,3.499999922,1.852499959,4.453333234,-99.98999777,-99.98999777,-99.98999777,-99.98999777,-99.98999777,8.9599998,16.18249964,4.562499898,-99.98999777,-99.98999777,2.859999936,3.737499916,4.947499889,2.994999933,6.662499851,7.044999843,6.834999847,4.889999891,3.59749992,7.084999842,5.769999871,2.24999995,1.599999964,1.863333292,3.904999913,4.002499911,9.85499978,11.87499973,8.542499809,3.527499921,1.372499969,6.152499862,3.849999914,3.316666593,6.157499862,6.849999847,4.632499896,4.767499893,6.457499856,7.097499841,6.362499858,7.187499839,5.719999872,3.617499919,5.092499886,7.852499824,10.27249977,10.29499977,10.55249976,6.419999857,7.61249983,9.522499787,6.104999864,-99.98999777,-99.98999777,-99.98999777,-99.98999777,8.849999802,14.31749968,29.03999935,68.77999846,37.99999915,9.199999794,8.846666469,4.894999891,-99.98999777,-99.98999777,-99.98999777,-99.98999777,-99.98999777,-99.98999777,-99.98999777,2.639999941,4.184999906,3.449999923,4.609999897,-99.98999777,-99.98999777,-99.98999777,-99.98999777,-99.98999777,-99.98999777,-99.98999777,-99.98999777,-99.98999777,-99.98999777,-99.98999777,-99.98999777,-99.98999777,-99.98999777,-99.98999777,-99.98999777,-99.98999777,-99.98999777,-99.98999777,-99.98999777,-99.98999777,25.65999943,15.25749966,15.73999965,18.0524996,13.77999969,16.05499964,16.15999964,38.33249914,40.2824991,19.16249957,15.55749965,10.24249977,10.59499976,40.77999909,26.6674994,31.71499929,36.95249917,54.60499878,58.38749869,52.84499882,19.21249957,11.68749974,11.49999974,19.01499957,17.57499961,30.02999933,35.50749921,9.597499785,18.75333291,-99.98999777,-99.98999777,13.78999969,4.129999908,5.279999882,4.774999893,3.734999917,5.299999882,14.77999967,-99.98999777,11.75999974,45.69999898,13.17499971,7.15499984,5.016666555,3.899999913,7.236666505,1.514999966,3.726666583,7.482499833,4.4749999
3.197499929,5.759999871,5.927499868,7.14499984,5.312499881,10.36999977,15.52749965,14.08499969,15.41999966,11.63499974,6.997499844,4.91749989,8.209999816,7.272499837,9.879999779,7.119999841,5.069999887,5.939999867,5.237499883,7.469999833,7.982499822,9.184999795,10.36499977,7.074999842,11.76499974,8.657499806,7.889999824,10.97499975,13.3074997,12.15749973,5.187499884,2.564999943,4.844999892,3.279999927,5.844999869,3.57999992,-99.98999777,11.9166664,14.88999967,15.25499966,1.713333295,0.869999981,-99.98999777,1.924999957,2.479999945,2.922499935,4.957499889,6.809999848,7.939999823,8.172499817,6.419999857,8.34666648,3.642499919,7.392499835,2.302499949,2.866666603,4.292499904,4.572499898,6.794999848,14.96499967,7.317499836,4.814999892,1.999999955,4.329999903,3.399999924,6.519999854,5.109999886,5.064999887,9.344999791,6.492499855,6.862499847,6.984999844,5.567499876,6.344999858,6.129999863,7.057499842,4.717499895,5.947499867,8.152499818,7.634999829,5.894999868,9.84999978,8.204999817,7.549999831,7.019999843,-99.98999777,-99.98999777,-99.98999777,4.544999898,9.833333114,34.19999924,9.359999791,12.31999972,4.599999897,8.9474998,7.512499832,3.879999913,-99.98999777,-99.98999777,3.299999926,-99.98999777,-99.98999777,-99.98999777,1.479999967,-99.98999777,-99.98999777,-99.98999777,-99.98999777,4.559999898,-99.98999777,-99.98999777,-99.98999777,-99.98999777,-99.98999777,-99.98999777,-99.98999777,-99.98999777,-99.98999777,-99.98999777,-99.98999777,-99.98999777,-99.98999777,-99.98999777,-99.98999777,-99.98999777,-99.98999777,-99.98999777,-99.98999777,-99.98999777,-99.98999777,-99.98999777,14.30499968,11.04749975,25.56999943,27.30249939,26.16749942,34.36999923,46.06999897,46.72666562,25.95499942,18.15249959,9.604999785,8.297499815,20.98249953,24.76499945,35.30999921,42.73333238,28.09333271,24.79749945,15.16749966,8.809999803,6.914999845,7.219999839,17.8499996,9.534999787,8.727499805,17.55249961,27.69749938,39.15333246,-99.98999777,-99.98999777,12.31999972,11.56749974,-99.98999777,-99.98999777,-99.98999777,22.98999949,15.53749965,28.66749936,29.56749934,15.39999966,6.796666515,7.13999984,3.939999912,3.179999929,5.769999871,4.732499894,4.997499888,2.596666609,7.433333167
5.562499876,5.954999867,5.569999876,3.742499916,4.03999991,7.079999842,4.01999991,9.769999782,4.196666573,6.769999849,6.794999848,2.489999944,6.607499852,9.634999785,14.91249967,-99.98999777,4.149999907,7.392499835,9.537499787,7.694999828,10.23249977,12.71999972,11.57499974,11.65499974,9.564999786,10.95249976,10.37999977,11.22333308,7.919999823,8.427499812,8.107499819,6.024999865,4.552499898,2.939999934,5.454999878,3.394999924,4.049999909,12.51999972,19.83749956,36.26999919,0.88999998,2.029999955,1.889999958,2.302499949,2.396666613,2.476666611,8.389999812,4.486666566,3.039999932,6.457499856,8.399999812,18.15499959,8.956666466,8.222499816,4.712499895,4.244999905,8.607499808,6.569999853,8.359999813,9.727499783,6.524999854,3.999999911,-99.98999777,3.59999992,1.884999958,4.087499909,3.216666595,3.57499992,5.577499875,9.707499783,8.462499811,7.774999826,6.149999863,8.029999821,5.427499879,6.949999845,8.559999809,7.957499822,6.834999847,9.207499794,7.972499822,6.184999862,5.149999885,-99.98999777,-99.98999777,-99.98999777,-99.98999777,5.394999879,28.76499936,16.20999964,28.13666604,9.487499788,4.4874999,3.359999925,3.487499922,4.789999893,-99.98999777,4.579999898,-99.98999777,-99.98999777,-99.98999777,-99.98999777,-99.98999777,-99.98999777,-99.98999777,-99.98999777,-99.98999777,-99.98999777,6.469999855,-99.98999777,-99.98999777,-99.98999777,-99.98999777,-99.98999777,-99.98999777,-99.98999777,-99.98999777,-99.98999777,-99.98999777,-99.98999777,4.4749999,2.894999935,2.839999937,-99.98999777,-99.98999777,-99.98999777,-99.98999777,-99.98999777,-99.98999777,-99.98999777,5.079999886,-99.98999777,-99.98999777,9.39999979,17.8899996,10.90999976,11.93499973,27.57249938,13.16749971,15.23999966,9.614999785,2.037499954,6.754999849,21.74249951,36.16249919,30.30249932,17.51249961,16.35749963,13.2649997,8.9299998,6.194999862,3.637499919,2.172499951,5.674999873,6.029999865,4.947499889,5.322499881,14.49499968,25.30499943,38.58249914,30.39999932,32.40999928,31.1199993,11.74999974,22.15666617,24.63999945,30.62499932,21.86999951,16.71999963,5.742499872,5.796666537,-99.98999777,3.246666594,4.043333243,4.122499908,4.854999891,6.612499852,5.176666551,6.632499852,5.297499882
7.529999832,8.569999808,2.359999947,5.573333209,7.637499829,11.92249973,8.464999811,3.229999928,4.799999893,-99.98999777,6.196666528,5.727499872,7.959999822,8.829999803,1.989999956,1.796666627,13.6374997,5.689999873,9.184999795,10.84749976,13.3949997,18.34749959,13.5249997,12.74499972,13.3049997,11.96499973,9.987499777,6.189999862,6.684999851,3.227499928,3.104999931,3.354999925,2.797499937,2.67999994,3.199999928,3.919999912,4.666666562,5.554999876,8.019999821,-99.98999777,3.004999933,2.109999953,1.249999972,1.419999968,1.154999974,2.349999947,7.199999839,6.374999858,5.793333204,6.554999853,5.912499868,5.464999878,6.867499846,5.499999877,4.4624999,7.392499835,7.427499834,6.854999847,7.106666508,12.38999972,5.999999866,1.609999964,2.049999954,-99.98999777,4.279999904,0.686666651,5.446666545,10.07499977,9.169999795,6.059999865,14.11499968,6.322499859,5.996666533,6.009999866,8.022499821,7.59749983,3.816666581,4.294999904,6.359999858,4.067499909,3.932499912,4.219999906,-99.98999777,-99.98999777,20.10999955,11.82999974,11.40999974,12.39249972,32.53999927,24.95999944,6.759999849,3.227499928,5.054999887,2.519999944,-99.98999777,4.174999907,3.379999924,-99.98999777,-99.98999777,-99.98999777,-99.98999777,-99.98999777,-99.98999777,-99.98999777,-99.98999777,-99.98999777,-99.98999777,5.714999872,6.069999864,-99.98999777,-99.98999777,-99.98999777,-99.98999777,-99.98999777,-99.98999777,-99.98999777,-99.98999777,-99.98999777,-99.98999777,-99.98999777,-99.98999777,-99.98999777,1.434999968,1.882499958,1.929999957,-99.98999777,-99.98999777,-99.98999777,-99.98999777,-99.98999777,6.169999862,-99.98999777,-99.98999777,6.463333189,9.889999779,8.879999802,8.312499814,2.66999994,1.689999962,3.384999924,3.264999927,9.257499793,4.247499905,6.26999986,7.027499843,10.57999976,11.34499975,13.2574997,9.142499796,11.42249974,31.2799993,4.122499908,10.78499976,9.472499788,10.34499977,10.16666644,24.97749944,17.29499961,-99.98999777,4.534999899,10.18499977,6.047499865,5.602499875,9.439999789,12.89749971,11.15499975,5.262499882,6.312499859,4.347499903,4.646666563,1.299999971,3.313333259,4.75666656,3.179999929,3.394999924,3.934999912,2.459999945,5.139999885,6.069999864,7.754999827
-99.98999777,2.24999995,1.139999975,2.519999944,4.154999907,9.203333128,4.239999905,3.679999918,9.97333311,9.229999794,7.207499839,9.117499796,9.782499781,11.45499974,2.449999945,8.407499812,2.882499936,6.974999844,11.69249974,11.25666642,11.72749974,13.98249969,12.72249972,12.49749972,10.54999976,6.627499852,7.419999834,8.03249982,11.18999975,6.192499862,3.284999927,3.102499931,1.979999956,4.01749991,5.647499874,8.9649998,12.03999973,5.124999885,14.36999968,-99.98999777,4.089999909,3.949999912,3.523333255,-99.98999777,0.919999979,6.864999847,8.877499802,10.51749976,8.07499982,10.12249977,11.35499975,7.379999835,4.197499906,8.149999818,4.682499895,7.409999834,10.08666644,6.703333184,7.413333168,6.802499848,4.197499906,2.789999938,3.059999932,3.864999914,2.134999952,4.673333229,4.597499897,5.219999883,8.894999801,8.889999801,11.19999975,7.479999833,7.383333168,3.839999914,7.959999822,3.689999918,6.519999854,3.816666581,4.102499908,4.229999905,3.929999912,-99.98999777,5.219999883,13.3199997,15.76499965,21.02749953,27.49999939,20.79749954,5.499999877,10.27999977,8.549999809,2.364999947,-99.98999777,-99.98999777,-99.98999777,-99.98999777,-99.98999777,-99.98999777,-99.98999777,-99.98999777,-99.98999777,-99.98999777,-99.98999777,-99.98999777,-99.98999777,-99.98999777,-99.98999777,-99.98999777,-99.98999777,5.509999877,5.134999885,4.879999891,-99.98999777,-99.98999777,-99.98999777,-99.98999777,-99.98999777,-99.98999777,-99.98999777,-99.98999777,1.729999961,2.25499995,1.549999965,1.629999964,1.712499962,1.639999963,0.793333316,-99.98999777,-99.98999777,5.509999877,5.749999871,-99.98999777,5.129999885,8.529999809,6.862499847,12.64249972,6.677499851,2.036666621,2.504999944,1.744999961,7.254999838,12.05249973,8.012499821,8.299999814,8.337499814,6.303333192,5.987499866,5.234999883,3.346666592,2.884999936,1.959999956,15.85999965,9.094999797,5.974999866,10.18749977,19.89499956,23.95999946,19.26999957,3.989999911,5.654999874,4.324999903,5.679999873,7.989999821,1.139999975,8.009999821,-99.98999777,8.779999804,5.584999875,4.204999906,3.736666583,-99.98999777,6.379999857,6.739999849,4.659999896,1.309999971,0.994999978,2.434999946,2.639999941,4.214999906,4.729999894
2.632499941,3.084999931,1.939999957,2.312499948,5.346666547,6.144999863,6.664999851,4.063333243,6.469999855,7.472499833,7.194999839,9.484999788,22.3099995,3.349999925,8.154999818,4.563333231,2.22249995,6.776666515,7.077499842,8.584999808,7.914999823,8.734999805,8.277499815,5.957499867,5.617499874,5.574999875,7.089999842,6.652499851,17.40749961,10.72499976,3.279999927,2.019999955,4.652499896,10.21249977,8.769999804,11.14333308,2.089999953,3.063333265,4.559999898,1.059999976,3.164999929,2.009999955,3.989999911,2.819999937,-99.98999777,6.176666529,6.504999855,5.889999868,2.912499935,11.59499974,6.513333188,1.389999969,2.979999933,5.647499874,8.989999799,7.894999824,4.806666559,6.467499855,6.593333186,6.444999856,4.544999898,4.879999891,5.962499867,12.77999971,1.343333303,2.282499949,4.392499902,3.604999919,2.399999946,2.459999945,6.459999856,3.749999916,-99.98999777,-99.98999777,-99.98999777,-99.98999777,3.219999928,3.573333253,2.839999937,1.754999961,-99.98999777,-99.98999777,12.88999971,12.02249973,17.9924996,11.96249973,22.92499949,19.31249957,3.289999926,2.723333272,-99.98999777,3.55999992,1.34999997,-99.98999777,-99.98999777,-99.98999777,-99.98999777,-99.98999777,-99.98999777,-99.98999777,-99.98999777,-99.98999777,-99.98999777,-99.98999777,-99.98999777,-99.98999777,-99.98999777,-99.98999777,-99.98999777,2.829999937,2.394999946,-99.98999777,-99.98999777,-99.98999777,-99.98999777,-99.98999777,-99.98999777,-99.98999777,-99.98999777,2.82333327,3.037499932,2.22999995,-99.98999777,1.463333301,1.644999963,-99.98999777,0.926666646,2.784999938,17.24749961,14.99999966,10.56999976,5.839999869,14.823333,5.869999869,3.059999932,5.162499885,3.634999919,2.914999935,3.994999911,3.529999921,5.082499886,14.19499968,10.27749977,3.489999922,6.836666514,4.619999897,1.954999956,4.90499989,3.104999931,2.339999948,12.37999972,8.804999803,5.214999883,5.266666549,4.113333241,9.503333121,8.51499981,6.197499861,3.899999913,8.859999802,7.339999836,5.079999886,-99.98999777,0.779999983,16.55999963,8.65333314,10.81666642,8.51249981,6.142499863,7.15499984,8.566666475,3.349999925,3.399999924,5.843333203,-99.98999777,9.413333123,2.637499941,2.789999938,5.014999888,8.117499819
3.727499917,1.999999955,2.004999955,3.549999921,5.269999882,5.604999875,5.309999881,6.71249985,8.282499815,7.507499832,11.03666642,9.952499778,7.59499983,6.289999859,0.699999984,2.394999946,4.259999905,10.25499977,7.284999837,7.497499832,5.482499877,5.217499883,7.447499834,4.224999906,3.449999923,5.037499887,9.84999978,14.65999967,12.30249973,-99.98999777,1.914999957,2.514999944,2.729999939,12.90999971,5.979999866,2.733333272,-99.98999777,-99.98999777,5.289999882,-99.98999777,2.029999955,-99.98999777,6.209999861,7.262499838,3.364999925,6.069999864,6.129999863,4.789999893,4.159999907,4.554999898,1.924999957,0.939999979,2.717499939,2.982499933,5.027499888,6.156666529,3.632499919,10.15999977,7.264999838,9.267499793,4.00999991,2.384999947,2.727499939,-99.98999777,5.324999881,4.579999898,4.03999991,4.043333243,3.774999916,3.607499919,7.569999831,7.239999838,3.679999918,1.579999965,2.24999995,-99.98999777,7.489999833,6.26499986,3.497499922,2.279999949,1.549999965,1.152499974,6.653333185,8.877499802,8.112499819,9.82999978,28.36249937,23.80666613,0.129999997,1.619999964,1.699999962,2.113333286,1.712499962,2.399999946,-99.98999777,-99.98999777,-99.98999777,-99.98999777,-99.98999777,-99.98999777,-99.98999777,-99.98999777,-99.98999777,-99.98999777,-99.98999777,-99.98999777,-99.98999777,-99.98999777,-99.98999777,2.649999941,1.874999958,2.21999995,-99.98999777,-99.98999777,-99.98999777,-99.98999777,1.244999972,1.659999963,2.814999937,3.143333263,-99.98999777,-99.98999777,-99.98999777,1.589999964,1.629999964,0.419999991,1.759999961,2.369999947,-99.98999777,-99.98999777,3.979999911,5.067499887,13.10749971,3.292499926,2.23999995,2.474999945,2.894999935,-99.98999777,9.193333128,5.234999883,5.717499872,5.094999886,10.54749976,3.639999919,3.494999922,3.054999932,2.572499943,3.187499929,4.287499904,1.429999968,5.079999886,7.319999836,9.547499787,3.279999927,1.854999959,5.239999883,7.804999826,5.752499871,3.494999922,-99.98999777,5.909999868,-99.98999777,-99.98999777,4.769999893,-99.98999777,2.799999937,9.069999797,8.913333134,5.112499886,5.677499873,7.75333316,3.55999992,3.754999916,3.634999919,-99.98999777,7.222499839,10.60499976,9.84749978,10.99499975,5.304999881
3.679999918,-99.98999777,1.004999978,1.644999963,4.00499991,7.994999821,5.227499883,6.544999854,6.006666532,3.554999921,1.439999968,2.143333285,3.11999993,1.919999957,2.629999941,0.859999981,8.924999801,4.274999904,3.412499924,7.004999843,6.852499847,5.947499867,4.407499901,3.884999913,4.379999902,4.384999902,4.974999889,11.90999973,10.70999976,8.64333314,4.722499894,8.544999809,17.7949996,-99.98999777,6.333333192,-99.98999777,-99.98999777,-99.98999777,-99.98999777,-99.98999777,-99.98999777,2.049999954,2.899999935,5.823333203,15.74499965,8.549999809,7.514999832,6.237499861,4.312499904,3.11499993,4.694999895,1.214999973,2.24999995,2.9666666,5.333333214,3.399999924,3.14999993,5.087499886,3.596666586,7.029999843,4.827499892,5.224999883,4.274999904,5.879999869,2.506666611,3.044999932,4.722499894,6.467499855,4.417499901,6.324999859,6.912499845,6.829999847,4.90999989,4.427499901,4.554999898,-99.98999777,3.879999913,5.057499887,4.174999907,2.887499935,3.077499931,2.539999943,10.53999976,5.582499875,6.589999853,16.25749964,25.13499944,17.40999961,0.749999983,1.146666641,2.283333282,2.049999954,1.832499959,2.279999949,-99.98999777,-99.98999777,5.789999871,-99.98999777,-99.98999777,-99.98999777,-99.98999777,-99.98999777,-99.98999777,-99.98999777,-99.98999777,-99.98999777,-99.98999777,-99.98999777,-99.98999777,1.589999964,1.754999961,2.264999949,-99.98999777,-99.98999777,-99.98999777,1.079999976,1.257499972,1.516666633,2.309999948,4.879999891,-99.98999777,3.669999918,2.009999955,1.489999967,1.624999964,0.844999981,2.212499951,5.742499872,2.24999995,1.569999965,1.599999964,4.509999899,3.177499929,2.622499941,2.23749995,2.68749994,4.499999899,-99.98999777,49.51999889,4.119999908,4.123333241,9.909999778,11.7466664,9.132499796,4.416666568,2.829999937,4.382499902,4.03999991,2.549999943,-99.98999777,7.449999833,7.979999822,6.939999845,2.209999951,9.043333131,8.734999805,8.474999811,3.189999929,3.229999928,-99.98999777,5.619999874,2.089999953,0.404999991,3.739999916,0.999999978,8.453333144,9.684999784,4.829999892,5.444999878,6.459999856,4.499999899,5.514999877,4.796666559,6.057499865,-99.98999777,2.642499941,6.71999985,9.373333124,9.637499785,6.104999864
7.479999833,-99.98999777,5.399999879,2.22499995,1.969999956,2.319999948,4.189999906,2.802499937,2.9766666,-99.98999777,-99.98999777,-99.98999777,-99.98999777,-99.98999777,6.934999845,2.156666618,3.12249993,5.217499883,6.612499852,4.099999908,6.372499858,7.049999842,4.677499895,5.764999871,6.572499853,5.639999874,6.304999859,9.792499781,15.39249966,11.11499975,12.02499973,8.994999799,-99.98999777,-99.98999777,5.873333202,4.159999907,3.369999925,1.929999957,-99.98999777,2.049999954,1.76999996,2.379999947,3.176666596,36.09249919,18.74749958,8.909999801,10.3333331,8.869999802,6.867499846,6.969999844,-99.98999777,1.282499971,1.932499957,1.564999965,4.662499896,4.222499906,2.859999936,3.777499916,4.759999894,5.847499869,8.06999982,3.869999913,2.014999955,4.144999907,4.409999901,2.799999937,5.524999877,4.307499904,4.862499891,5.402499879,5.82249987,7.449999833,7.819999825,1.079999976,1.999999955,-99.98999777,2.752499938,5.957499867,3.707499917,4.232499905,2.124999953,3.644999919,4.4924999,4.949999889,10.29749977,20.76999954,17.56999961,-99.98999777,0.549999988,0.859999981,1.492499967,1.79749996,2.284999949,2.166666618,1.79999996,-99.98999777,4.739999894,5.319999881,-99.98999777,-99.98999777,-99.98999777,-99.98999777,-99.98999777,-99.98999777,-99.98999777,-99.98999777,-99.98999777,-99.98999777,16.91999962,12.85249971,-99.98999777,-99.98999777,-99.98999777,1.907499957,1.044999977,1.519999966,2.059999954,5.982499866,3.222499928,-99.98999777,10.3833331,9.579999786,3.492499922,2.029999955,-99.98999777,0.719999984,2.332499948,8.464999811,4.059999909,-99.98999777,1.574999965,6.703333184,1.434999968,2.122499953,3.547499921,5.136666552,2.839999937,1.889999958,2.499999944,5.484999877,14.02999969,17.14499962,5.334999881,6.584999853,5.344999881,4.617499897,6.113333197,1.039999977,2.22999995,-99.98999777,0.719999984,7.492499833,3.239999928,4.209999906,7.664999829,10.68749976,6.832499847,6.892499846,3.346666592,6.25999986,4.343333236,-99.98999777,0.414999991,1.106666642,8.584999808,-99.98999777,3.639999919,2.824999937,5.35499988,3.533333254,3.229999928,3.332499926,4.77666656,9.726666449,-99.98999777,0.499999989,1.099999975,1.589999964,2.936666601,3.027499932
3.399999924,-99.98999777,0.849999981,1.946666623,3.317499926,6.017499865,3.994999911,3.329999926,7.874999824,6.219999861,4.432499901,5.922499868,10.46666643,-99.98999777,6.539999854,2.24999995,2.882499936,7.859999824,7.462499833,8.447499811,7.757499827,5.132499885,6.142499863,9.027499798,10.50249977,-99.98999777,27.17999939,38.8466658,11.51999974,9.636666451,12.55499972,12.11333306,-99.98999777,21.0666662,10.12749977,2.987499933,5.012499888,15.24999966,1.754999961,1.614999964,3.092499931,1.839999959,2.469999945,5.759999871,8.274999815,2.899999935,4.829999892,12.08249973,12.28999973,6.479999855,-99.98999777,1.897499958,2.772499938,4.314999904,4.423333234,13.16499971,9.214999794,4.4799999,9.122499796,7.849999825,2.867499936,3.764999916,0.939999979,7.509999832,4.063333243,2.606666608,5.709999872,4.4924999,5.549999876,7.999999821,7.057499842,4.01749991,2.542499943,3.829999914,3.169999929,2.259999949,3.894999913,6.809999848,3.689999918,2.982499933,2.072499954,2.987499933,5.682499873,6.204999861,9.344999791,36.27666586,-99.98999777,-99.98999777,0.819999982,0.729999984,2.486666611,2.439999945,7.517499832,15.99749964,5.436666545,2.874999936,-99.98999777,1.76999996,2.969999934,-99.98999777,-99.98999777,0.90999998,1.054999976,2.51666661,3.329999926,19.01999957,2.729999939,14.53999968,13.02999971,14.53749968,-99.98999777,-99.98999777,-99.98999777,0.699999984,-99.98999777,-99.98999777,4.862499891,13.6049997,11.21999975,11.26249975,6.983333177,5.394999879,6.337499858,3.722499917,-99.98999777,0.43999999,1.462499967,3.186666595,6.149999863,-99.98999777,2.012499955,11.25499975,-99.98999777,-99.98999777,-99.98999777,-99.98999777,-99.98999777,8.394999812,4.377499902,4.90999989,12.93999971,11.98249973,3.734999917,7.369999835,8.819999803,10.29999977,6.899999846,1.413333302,-99.98999777,-99.98999777,3.254999927,5.697499873,6.187499862,5.959999867,19.98333289,7.569999831,6.71749985,4.569999898,3.359999925,4.584999898,3.504999922,-99.98999777,1.303333304,4.92249989,2.70249994,4.289999904,5.599999875,7.16999984,4.743333227,11.18999975,6.909999846,2.719999939,2.294999949,1.489999967,0.609999986,1.127499975,3.242499928,5.046666554,2.534999943,3.626666586
-99.98999777,0.589999987,5.639999874,27.44249939,17.9574996,16.52749963,9.963333111,10.33999977,14.16249968,9.547499787,7.787499826,7.209999839,2.369999947,1.32499997,2.754999938,3.934999912,6.799999848,6.349999858,5.662499873,5.602499875,4.442499901,4.557499898,6.837499847,11.63999974,14.863333,-99.98999777,4.576666564,5.974999866,10.67249976,15.59499965,10.79749976,10.65999976,9.357499791,7.319999836,4.102499908,6.114999863,5.214999883,2.849999936,2.259999949,4.434999901,7.662499829,7.762499826,10.42999977,12.07749973,7.634999829,9.294999792,9.132499796,8.186666484,16.68999963,16.46999963,6.899999846,6.399999857,6.744999849,7.852499824,19.41749957,15.43249966,8.177499817,5.634999874,6.352499858,6.442499856,7.967499822,34.61666589,-99.98999777,9.949999778,31.5374993,20.13499955,8.329999814,3.687499918,2.714999939,3.434999923,5.039999887,3.432499923,3.314999926,3.649999918,1.269999972,2.574999942,2.039999954,3.522499921,4.347499903,3.772499916,5.174999884,5.674999873,6.499999855,4.279999904,8.222499816,6.28249986,4.389999902,-99.98999777,4.589999897,1.504999966,2.317499948,4.447499901,32.51749927,27.79249938,16.23749964,3.784999915,1.986666622,3.062499932,1.427499968,-99.98999777,1.33499997,2.764999938,1.489999967,2.273333283,3.399999924,4.016666577,7.704999828,11.13499975,11.05499975,9.833333114,3.789999915,-99.98999777,-99.98999777,-99.98999777,-99.98999777,2.204999951,3.094999931,6.839999847,12.22249973,18.91333291,6.914999845,7.869999824,7.809999825,4.996666555,-99.98999777,3.184999929,4.554999898,3.164999929,2.719999939,2.323333281,5.9733332,7.489999833,2.749999939,-99.98999777,-99.98999777,4.694999895,-99.98999777,4.989999888,3.59999992,4.792499893,6.459999856,3.13749993,4.137499908,4.572499898,7.712499828,8.797499803,1.949999956,5.436666545,2.579999942,-99.98999777,0.933333312,6.839999847,6.844999847,5.68666654,6.183333195,2.696666606,7.184999839,8.129999818,13.5099997,-99.98999777,6.642499852,-99.98999777,2.019999955,3.59749992,5.157499885,6.903333179,5.592499875,4.729999894,2.914999935,5.574999875,6.152499862,5.407499879,4.064999909,1.229999973,5.769999871,4.106666575,7.859999824,2.959999934,3.57999992,4.092499909
-99.98999777,2.557499943,6.239999861,9.332499791,6.654999851,7.227499838,4.499999899,5.759999871,9.439999789,5.439999878,1.563333298,9.559999786,5.169999884,12.07499973,9.149999795,7.739999827,14.64999967,9.84999978,9.139999796,9.096666463,14.47999968,18.92499958,14.08249969,13.75999969,15.98999964,-99.98999777,5.594999875,7.452499833,9.867499779,8.869999802,7.669999829,8.794999803,6.874999846,4.264999905,3.784999915,9.217499794,9.274999793,-99.98999777,10.62999976,-99.98999777,15.57999965,11.10666642,29.29499935,11.57499974,8.544999809,11.01999975,6.114999863,8.377499813,6.643333185,6.569999853,-99.98999777,13.6149997,5.584999875,18.87249958,12.91249971,5.81499987,6.72499985,8.469999811,7.002499843,7.524999832,11.51499974,10.47666643,-99.98999777,4.682499895,15.04749966,16.81749962,10.38499977,4.449999901,2.23499995,4.604999897,4.279999904,1.997499955,2.094999953,2.029999955,-99.98999777,2.429999946,7.067499842,11.81499974,7.067499842,11.18999975,7.409999834,6.774999849,8.379999813,5.962499867,11.49499974,4.229999905,1.619999964,3.299999926,1.107499975,2.886666602,3.339999925,7.779999826,7.907499823,5.062499887,8.629999807,16.33749963,6.969999844,5.202499884,14.90999967,-99.98999777,9.429999789,5.072499887,1.78499996,2.129999952,4.746666561,7.16999984,7.504999832,8.22333315,8.702499805,6.654999851,4.4949999,-99.98999777,0.759999983,0.809999982,-99.98999777,1.554999965,3.349999925,7.434999834,7.574999831,2.409999946,46.94999895,39.10999913,39.92999911,10.41999977,-99.98999777,4.829999892,3.662499918,7.504999832,6.017499865,5.682499873,11.44749974,4.802499893,5.35999988,-99.98999777,5.659999873,10.04999978,-99.98999777,1.879999958,4.196666573,4.429999901,2.804999937,1.309999971,3.197499929,4.754999894,7.542499831,3.747499916,4.463333234,9.244999793,4.169999907,-99.98999777,8.199999817,4.414999901,6.784999848,4.132499908,4.107499908,7.914999823,15.07666633,49.3199989,-99.98999777,6.444999856,3.55999992,-99.98999777,3.104999931,8.662499806,10.77666643,6.634999852,8.909999801,9.964999777,5.632499874,4.944999889,4.837499892,9.577499786,7.382499835,-99.98999777,-99.98999777,19.97999955,7.754999827,18.71499958,6.029999865,13.2724997
-99.98999777,5.932499867,4.577499898,7.58999983,4.349999903,7.14249984,7.60749983,7.59999983,10.60499976,6.24999986,6.464999855,7.312499837,-99.98999777,5.37999988,7.127499841,4.979999889,11.17749975,11.43999974,22.5299995,8.906666468,8.9349998,7.184999839,6.322499859,4.4549999,3.449999923,2.569999943,3.259999927,2.847499936,7.644999829,4.072499909,8.224999816,5.642499874,6.349999858,2.707499939,5.444999878,14.96249967,11.68666641,-99.98999777,17.41999961,23.69499947,25.74249942,14.89749967,13.97999969,7.919999823,5.789999871,8.319999814,11.54749974,17.41999961,18.22333293,-99.98999777,4.834999892,10.97499975,10.68249976,13.4099997,5.032499888,9.432499789,9.054999798,11.40249975,9.532499787,12.60749972,10.58499976,7.489999833,3.609999919,5.949999867,7.082499842,5.83749987,4.819999892,7.289999837,6.524999854,8.734999805,6.559999853,11.47249974,10.09499977,4.434999901,-99.98999777,4.93749989,13.5349997,7.397499835,4.982499889,9.594999786,10.18999977,6.059999865,10.23749977,6.979999844,11.07499975,16.22999964,-99.98999777,2.419999946,3.067499931,5.424999879,2.886666602,5.972499867,7.16999984,8.897499801,12.63999972,16.54999963,13.70499969,11.31749975,24.72999945,-99.98999777,4.694999895,2.269999949,0.869999981,-99.98999777,-99.98999777,4.954999889,6.936666512,9.823333114,9.657499784,11.88749973,13.6074997,-99.98999777,2.009999955,1.014999977,1.209999973,1.522499966,2.22999995,3.284999927,5.36499988,7.019999843,8.03999982,5.659999873,18.44666625,-99.98999777,0.509999989,3.089999931,6.314999859,4.737499894,7.214999839,3.764999916,4.762499894,7.354999836,4.444999901,3.11499993,3.862499914,-99.98999777,-99.98999777,9.964999777,5.38999988,5.79499987,1.526666633,2.754999938,3.756666583,8.282499815,2.169999951,2.024999955,5.044999887,4.92499989,-99.98999777,4.729999894,3.803333248,3.642499919,5.447499878,8.152499818,2.972499934,4.692499895,8.553333142,32.76999927,62.4899986,11.84499974,10.96999975,4.329999903,5.229999883,4.327499903,5.612499875,6.587499853,5.952499867,9.449999789,6.919999845,3.192499929,4.244999905,5.159999885,4.823333226,-99.98999777,1.759999961,13.2574997,-99.98999777,12.87499971,17.37749961,7.539999831
-99.98999777,1.286666638,-99.98999777,1.017499977,8.194999817,11.18749975,9.017499798,5.256666549,8.449999811,-99.98999777,4.744999894,6.134999863,-99.98999777,0.829999981,2.052499954,4.419999901,4.01999991,4.692499895,2.337499948,3.267499927,2.779999938,7.199999839,13.4124997,1.813333293,-99.98999777,0.774999983,5.093333219,11.48499974,2.904999935,5.912499868,4.582499898,6.71999985,5.962499867,4.499999899,5.657499874,8.629999807,3.14999993,4.92999989,4.759999894,5.017499888,8.9624998,13.81249969,14.50249968,8.702499805,4.534999899,9.547499787,12.72499972,5.087499886,7.544999831,-99.98999777,14.37999968,13.4824997,14.88749967,6.649999851,5.339999881,6.839999847,7.579999831,8.254999815,8.859999802,10.98999975,9.036666465,5.529999876,5.029999888,6.634999852,8.9549998,2.66749994,3.439999923,6.357499858,6.619999852,9.439999789,21.73999951,17.56749961,10.42249977,-99.98999777,-99.98999777,5.152499885,12.20499973,7.347499836,5.789999871,4.75666656,6.054999865,3.396666591,5.627499874,7.272499837,8.04249982,7.966666489,-99.98999777,8.123333152,2.887499935,4.587499897,12.47999972,9.11333313,12.66999972,13.69499969,14.51249968,18.61999958,14.46999968,9.942499778,13.72999969,11.75999974,-99.98999777,1.649999963,-99.98999777,1.539999966,1.479999967,3.604999919,9.969999777,17.41499961,8.309999814,16.57999963,14.56999967,-99.98999777,3.867499914,0.997499978,1.209999973,1.466666634,4.016666577,7.099999841,10.42999977,5.504999877,6.27999986,5.449999878,6.656666518,-99.98999777,0.349999992,1.037499977,15.13499966,5.599999875,5.68666654,7.023333176,6.28499986,7.863333158,1.889999958,2.073333287,6.624999852,-99.98999777,-99.98999777,3.364999925,3.493333255,3.153333263,3.823333248,5.849999869,9.237499794,9.162499795,6.002499866,7.854999824,4.00749991,4.963333222,-99.98999777,10.41749977,1.624999964,3.107499931,6.449999856,6.742499849,6.107499863,5.077499887,9.594999786,18.14999959,7.314999836,2.69499994,-99.98999777,1.974999956,4.567499898,3.072499931,2.709999939,6.667499851,3.192499929,3.11999993,9.514999787,8.099999819,6.757499849,4.654999896,2.559999943,-99.98999777,2.404999946,3.357499925,4.296666571,6.962499844,7.322499836,10.61249976
0.679999985,-99.98999777,-99.98999777,-99.98999777,12.11999973,11.92249973,5.122499886,3.219999928,6.029999865,8.539999809,-99.98999777,-99.98999777,-99.98999777,0.574999987,1.699999962,1.554999965,-99.98999777,3.209999928,3.602499919,4.03999991,3.089999931,-99.98999777,9.529999787,7.416666501,-99.98999777,1.226666639,2.259999949,6.593333186,7.507499832,2.924999935,1.729999961,3.606666586,5.813333203,4.669999896,4.296666571,1.973333289,-99.98999777,5.259999882,3.614999919,2.424999946,2.083333287,6.652499851,9.052499798,4.404999902,6.989999844,5.964999867,5.279999882,3.534999921,3.58999992,-99.98999777,10.04499978,20.43249954,16.81999962,6.524999854,7.854999824,6.022499865,4.984999889,5.249999883,7.277499837,11.29499975,12.41999972,-99.98999777,8.739999805,8.462499811,7.552499831,8.03999982,2.459999945,2.959999934,5.434999879,6.844999847,3.607499919,2.799999937,2.713333273,2.589999942,2.714999939,1.597499964,2.306666615,1.546666632,9.564999786,10.92499976,7.914999823,3.604999919,3.792499915,4.353333236,21.62666618,13.5199997,-99.98999777,7.329999836,5.292499882,4.074999909,5.414999879,4.737499894,4.364999902,6.777499849,10.81749976,13.16749971,17.23499961,14.13999968,-99.98999777,-99.98999777,1.653333296,3.179999929,2.199999951,2.727499939,4.236666572,5.093333219,6.199999861,7.479999833,2.713333273,3.859999914,11.63999974,4.01999991,0.952499979,2.114999953,5.589999875,6.816666514,9.044999798,6.297499859,6.037499865,7.116666508,7.362499835,1.514999966,1.299999971,-99.98999777,0.844999981,0.469999989,10.06999977,14.76999967,6.022499865,9.219999794,3.539999921,6.877499846,2.182499951,3.852499914,3.839999914,-99.98999777,3.899999913,1.594999964,2.524999944,8.34666648,5.363333213,7.757499827,31.57499929,16.96249962,9.249999793,9.077499797,5.559999876,4.579999898,-99.98999777,4.94249989,2.104999953,1.703333295,5.993333199,9.38499979,6.857499847,6.25999986,3.14249993,5.517499877,8.669999806,8.03999982,-99.98999777,6.759999849,2.589999942,4.369999902,-99.98999777,-99.98999777,2.55666661,7.299999837,-99.98999777,3.509999922,1.80999996,2.124999953,4.299999904,-99.98999777,1.434999968,1.736666628,3.309999926,4.559999898,28.87999935,2.144999952
0.399999991,0.624999986,4.169999907,3.484999922,2.529999943,5.639999874,4.543333232,2.613333275,0.979999978,2.304999948,-99.98999777,-99.98999777,6.579999853,5.574999875,5.432499879,2.717499939,4.364999902,6.893333179,6.082499864,5.857499869,5.397499879,4.749999894,4.139999907,3.709999917,-99.98999777,1.559999965,1.944999957,1.289999971,2.749999939,3.494999922,4.837499892,6.012499866,4.234999905,2.279999949,1.764999961,4.146666574,-99.98999777,-99.98999777,3.066666598,0.819999982,9.469999788,3.183333262,6.324999859,1.409999968,8.899999801,4.456666567,4.099999908,3.59999992,-99.98999777,0.929999979,10.04249978,17.53249961,18.53666625,20.10749955,12.23749973,9.907499779,6.867499846,6.544999854,11.02499975,16.24249964,9.284999792,-99.98999777,6.756666516,7.699999828,10.79749976,4.422499901,6.749999849,6.623333185,2.473333278,5.304999881,1.569999965,2.66999994,1.677499963,-99.98999777,-99.98999777,0.644999986,-99.98999777,1.559999965,6.69499985,3.929999912,9.264999793,7.516666499,2.259999949,2.854999936,2.273333283,-99.98999777,-99.98999777,1.584999965,2.389999947,2.799999937,2.399999946,1.917499957,5.627499874,6.682499851,11.09749975,14.09749968,18.25749959,20.11749955,-99.98999777,2.599999942,-99.98999777,-99.98999777,2.899999935,2.576666609,8.9324998,4.787499893,6.349999858,11.30999975,5.249999883,4.767499893,6.229999861,-99.98999777,0.804999982,2.904999935,6.064999864,7.842499825,10.28749977,8.386666479,5.164999885,7.429999834,3.089999931,1.849999959,1.709999962,-99.98999777,0.399999991,1.217499973,2.889999935,3.406666591,14.64666634,3.852499914,2.293333282,10.92999976,2.296666615,2.974999934,1.603333297,-99.98999777,-99.98999777,1.552499965,1.139999975,1.714999962,6.399999857,21.50749952,16.45249963,5.257499882,16.17249964,12.49749972,4.647499896,2.24999995,11.20499975,1.303333304,5.539999876,5.35249988,7.999999821,14.893333,11.56333307,10.63999976,8.372499813,6.577499853,4.629999897,3.539999921,-99.98999777,1.406666635,2.149999952,3.232499928,7.926666489,2.049999954,7.434999834,6.122499863,3.489999922,2.293333282,2.619999941,1.959999956,-99.98999777,-99.98999777,6.459999856,8.609999808,2.114999953,3.064999931,3.279999927,6.037499865
0.589999987,1.899999958,5.732499872,3.57499992,5.474999878,9.044999798,7.062499842,2.959999934,10.78999976,8.694999806,10.29666644,-99.98999777,4.4849999,5.317499881,8.07499982,8.594999808,8.102499819,7.217499839,6.754999849,7.697499828,8.079999819,6.994999844,9.362499791,4.389999902,-99.98999777,2.739999939,2.023333288,8.419999812,7.489999833,9.277499793,6.677499851,10.29499977,5.763333205,6.449999856,4.219999906,5.37249988,-99.98999777,2.899999935,1.887499958,3.279999927,5.889999868,8.092499819,4.109999908,8.06999982,10.64666643,6.369999858,3.397499924,3.657499918,-99.98999777,4.729999894,12.13249973,15.77499965,27.52666605,25.23499944,15.14333299,15.83499965,13.4949997,7.61999983,6.304999859,11.50249974,19.41999957,-99.98999777,11.10249975,11.95999973,9.052499798,6.189999862,5.594999875,10.05249978,10.34749977,10.05999978,13.68249969,22.68249949,11.48666641,-99.98999777,7.419999834,5.399999879,7.869999824,6.489999855,2.203333284,2.023333288,5.964999867,7.839999825,8.099999819,5.742499872,2.304999948,-99.98999777,24.61999945,5.869999869,4.852499892,5.202499884,3.217499928,4.422499901,6.212499861,4.869999891,12.34999972,13.80499969,7.224999839,5.79499987,-99.98999777,2.306666615,2.869999936,-99.98999777,-99.98999777,-99.98999777,7.927499823,3.264999927,-99.98999777,3.989999911,6.036666532,14.85499967,-99.98999777,1.469999967,3.123333264,4.982499889,8.9649998,13.4524997,6.177499862,5.112499886,4.129999908,5.059999887,6.219999861,2.819999937,3.259999927,-99.98999777,-99.98999777,4.294999904,5.719999872,9.589999786,10.63749976,5.366666547,8.022499821,8.449999811,0.989999978,1.076666643,1.869999958,-99.98999777,0.564999987,1.619999964,-99.98999777,4.562499898,6.417499857,6.27999986,6.469999855,11.90333307,15.71999965,13.6199997,5.089999886,-99.98999777,1.449999968,4.959999889,3.707499917,11.73749974,20.57666621,7.239999838,11.35999975,5.912499868,5.402499879,4.782499893,8.437499811,14.96999967,-99.98999777,1.984999956,12.41499972,6.799999848,3.049999932,7.244999838,8.562499809,3.634999919,5.074999887,4.429999901,9.722499783,20.22999955,-99.98999777,16.59249963,5.789999871,9.049999798,13.4974997,5.317499881,4.609999897,3.304999926
6.832499847,1.34749997,2.869999936,1.95333329,9.863333113,6.569999853,1.689999962,9.349999791,10.25499977,9.454999789,3.883333247,-99.98999777,5.239999883,6.397499857,5.119999886,8.579999808,24.44999945,20.77333287,17.01249962,16.3366663,8.702499805,9.797499781,9.424999789,1.819999959,14.88499967,2.909999935,4.394999902,3.879999913,6.134999863,5.437499878,6.592499853,2.874999936,7.58499983,5.009999888,3.662499918,2.449999945,-99.98999777,13.71999969,6.552499854,11.27499975,8.124999818,4.612499897,6.72749985,5.682499873,7.517499832,5.667499873,5.419999879,2.23999995,-99.98999777,1.454999967,13.82999969,22.3099995,12.95999971,19.01749957,21.76249951,20.47249954,15.46999965,21.90499951,11.96999973,5.439999878,6.079999864,7.499999832,9.779999781,4.669999896,6.69499985,3.606666586,8.402499812,14.99499966,9.009999799,17.38749961,11.29499975,12.18999973,-99.98999777,-99.98999777,11.00999975,2.336666614,7.219999839,8.476666477,8.216666483,4.864999891,4.789999893,3.794999915,7.252499838,6.71249985,2.804999937,-99.98999777,6.814999848,2.117499953,1.77999996,7.15249984,9.507499787,2.24749995,3.019999932,3.634999919,2.397499946,5.949999867,15.21249966,13.86999969,-99.98999777,3.663333251,-99.98999777,-99.98999777,1.099999975,1.113333308,10.07749977,2.089999953,-99.98999777,3.794999915,5.972499867,13.4724997,-99.98999777,-99.98999777,4.754999894,3.464999923,5.80499987,17.19499962,10.00249978,6.197499861,6.014999866,3.696666584,6.482499855,4.689999895,-99.98999777,-99.98999777,1.599999964,2.904999935,-99.98999777,2.67999994,5.199999884,6.336666525,10.19999977,9.513333121,8.854999802,4.082499909,2.599999942,-99.98999777,2.659999941,5.229999883,3.842499914,6.559999853,3.722499917,6.434999856,6.889999846,9.024999798,7.469999833,8.104999819,9.229999794,-99.98999777,5.79999987,2.179999951,19.33499957,12.74999972,12.34499972,12.94499971,10.3233331,-99.98999777,2.159999952,4.593333231,7.849999825,7.799999826,5.039999887,8.277499815,5.044999887,5.432499879,13.05499971,6.172499862,6.814999848,9.209999794,3.664999918,3.199999928,4.559999898,7.779999826,-99.98999777,17.9499996,19.17499957,13.4199997,11.29749975,8.9499998,4.982499889,7.567499831
2.953333267,5.296666548,6.406666523,4.179999907,5.204999884,3.369999925,4.706666561,5.589999875,10.00499978,9.223333127,6.99666651,-99.98999777,4.90499989,9.264999793,9.86499978,12.14999973,4.329999903,4.399999902,6.026666532,6.074999864,4.537499899,11.30499975,9.149999795,-99.98999777,-99.98999777,1.967499956,1.20666664,6.872499846,11.48749974,4.679999895,7.979999822,2.359999947,3.423333257,3.059999932,2.23999995,3.794999915,-99.98999777,3.869999913,3.742499916,5.36749988,6.867499846,9.939999778,8.789999804,5.264999882,4.059999909,5.132499885,3.992499911,4.804999893,-99.98999777,3.054999932,6.71749985,20.37499954,14.32249968,12.31749972,10.69499976,17.48999961,14.95749967,27.34499939,24.99249944,5.502499877,-99.98999777,13.5999997,7.759999827,2.246666616,3.106666597,22.03499951,9.362499791,6.374999858,5.224999883,7.189999839,7.58999983,8.097499819,-99.98999777,-99.98999777,10.11999977,3.186666595,9.104999796,6.949999845,14.65499967,6.027499865,9.157499795,4.224999906,6.767499849,10.08749977,4.239999905,-99.98999777,7.046666509,7.082499842,6.739999849,4.622499897,5.112499886,2.979999933,2.437499946,2.327499948,2.25499995,2.289999949,8.859999802,13.4999997,-99.98999777,-99.98999777,1.993333289,2.859999936,1.109999975,-99.98999777,4.209999906,10.70999976,10.68999976,7.15499984,8.9499998,4.764999893,-99.98999777,10.49249977,2.717499939,4.749999894,2.297499949,6.214999861,8.667499806,10.19666644,5.839999869,6.887499846,7.634999829,16.82333296,-99.98999777,10.03499978,2.119999953,2.189999951,6.25749986,7.629999829,3.059999932,10.31499977,12.0066664,8.164999817,4.944999889,6.119999863,3.884999913,5.054999887,6.814999848,2.912499935,6.69999985,6.989999844,9.436666456,4.139999907,7.409999834,6.28249986,7.342499836,5.169999884,3.629999919,-99.98999777,-99.98999777,4.749999894,7.899999823,12.98333304,11.51249974,13.02249971,10.46666643,5.154999885,5.774999871,4.01749991,2.542499943,-99.98999777,10.00333311,11.59499974,11.72999974,7.297499837,7.277499837,8.973333133,9.494999788,14.69249967,7.067499842,6.289999859,2.686666607,3.689999918,-99.98999777,-99.98999777,3.899999913,18.28333292,11.99749973,5.759999871,6.197499861,8.573333142
5.913333201,3.054999932,9.334999791,10.72499976,7.377499835,8.539999809,7.734999827,4.094999908,4.824999892,5.137499885,8.9399998,-99.98999777,2.469999945,3.554999921,7.372499835,8.884999801,8.286666481,8.699999806,10.37499977,6.603333186,6.887499846,5.684999873,4.739999894,-99.98999777,-99.98999777,0.969999978,3.487499922,11.43749974,12.31999972,9.112499796,9.529999787,10.12749977,8.914999801,5.139999885,4.506666566,-99.98999777,5.469999878,7.143333174,5.316666548,14.15999968,10.48749977,10.06749977,7.549999831,6.459999856,3.632499919,4.589999897,3.462499923,5.35999988,7.769999826,4.894999891,4.954999889,18.55249959,22.2424995,14.69499967,15.60999965,22.05999951,22.99999949,16.07249964,8.664999806,8.222499816,-99.98999777,-99.98999777,1.309999971,2.089999953,5.099999886,6.544999854,7.629999829,2.969999934,4.283333238,5.80999987,6.387499857,10.10499977,6.079999864,18.58999958,3.669999918,2.429999946,4.273333238,3.443333256,6.949999845,10.30249977,6.243333194,3.454999923,5.547499876,4.852499892,6.046666532,-99.98999777,6.739999849,4.149999907,4.799999893,11.14249975,10.24249977,6.799999848,7.249999838,3.452499923,1.464999967,1.816666626,3.954999912,-99.98999777,-99.98999777,-99.98999777,-99.98999777,-99.98999777,-99.98999777,-99.98999777,-99.98999777,3.679999918,8.04999982,10.61749976,11.54749974,5.504999877,-99.98999777,13.2874997,4.349999903,3.639999919,10.61249976,3.787499915,3.842499914,3.004999933,5.789999871,4.237499905,6.314999859,7.759999827,-99.98999777,16.06499964,10.10999977,5.464999878,20.80499953,13.4899997,8.259999815,-99.98999777,20.94999953,5.059999887,4.453333234,2.159999952,-99.98999777,10.68666643,7.707499828,3.644999919,8.837499802,7.407499834,7.017499843,6.762499849,5.162499885,4.819999892,5.669999873,4.427499901,5.739999872,21.62999952,5.989999866,2.81333327,3.849999914,7.036666509,10.49249977,12.15999973,5.659999873,9.617499785,6.029999865,2.719999939,3.217499928,-99.98999777,26.18499941,13.78999969,19.74999956,10.18666644,11.05749975,17.78666627,-99.98999777,6.68999985,7.626666496,4.507499899,5.119999886,-99.98999777,13.80999969,13.74499969,1.939999957,5.219999883,6.672499851,34.54999923,7.899999823,4.964999889
12.56999972,6.872499846,12.93999971,16.80249962,11.20999975,12.38499972,9.977499777,6.927499845,4.293333237,3.082499931,-99.98999777,-99.98999777,5.994999866,4.159999907,17.60749961,6.622499852,15.66249965,8.562499809,8.327499814,7.077499842,8.943333133,3.854999914,0.89999998,3.539999921,11.53499974,0.44999999,4.289999904,4.294999904,-99.98999777,4.629999897,8.204999817,9.933333111,5.702499873,7.769999826,4.999999888,-99.98999777,9.742499782,6.332499858,7.862499824,7.389999835,7.892499824,10.01999978,9.819999781,6.87333318,3.854999914,3.386666591,3.154999929,3.58499992,4.794999893,6.169999862,7.694999828,8.749999804,18.55499959,28.03749937,19.41499957,26.44999941,31.4274993,13.5924997,6.467499855,5.233333216,-99.98999777,-99.98999777,-99.98999777,-99.98999777,2.339999948,3.923333246,5.79749987,5.449999878,4.4899999,10.63749976,9.702499783,6.829999847,-99.98999777,5.479999878,8.04499982,4.754999894,5.172499884,5.704999872,6.167499862,13.4649997,8.742499805,4.64333323,3.774999916,2.742499939,3.14499993,12.00999973,8.089999819,9.509999787,17.7549996,18.87499958,15.25499966,10.45749977,6.639999852,2.554999943,1.954999956,1.424999968,3.232499928,-99.98999777,-99.98999777,-99.98999777,1.964999956,2.359999947,-99.98999777,-99.98999777,-99.98999777,-99.98999777,5.843333203,8.592499808,7.899999823,9.589999786,-99.98999777,4.254999905,3.259999927,4.607499897,11.01666642,4.109999908,8.147499818,5.316666548,4.407499901,7.352499836,4.574999898,5.334999881,2.189999951,6.562499853,8.344999813,9.949999778,14.43999968,22.3099995,24.09999946,37.65999916,25.93749942,9.439999789,7.262499838,3.982499911,-99.98999777,13.91499969,7.927499823,2.567499943,5.737499872,7.004999843,7.334999836,4.4749999,4.149999907,3.917499912,3.104999931,7.232499838,-99.98999777,1.34999997,6.24499986,3.019999932,3.884999913,7.027499843,7.654999829,6.924999845,9.637499785,7.134999841,3.193333262,8.379999813,5.994999866,-99.98999777,8.779999804,10.06499978,7.399999835,3.729999917,6.909999846,8.119999819,10.52999976,16.06249964,9.064999797,6.533333187,5.979999866,-99.98999777,42.51666572,15.99249964,4.4649999,7.049999842,9.926666445,9.39749979,14.92999967,7.429999834
4.149999907,5.149999885,12.56749972,6.104999864,16.14249964,13.4874997,10.28499977,6.70749985,4.03749991,1.889999958,-99.98999777,1.869999958,13.03499971,7.794999826,2.652499941,11.39999975,13.98749969,11.61749974,11.25999975,10.74999976,9.579999786,13.87499969,3.474999922,5.969999867,10.45749977,11.31999975,3.58999992,6.057499865,13.15999971,5.244999883,8.922499801,5.019999888,4.977499889,3.942499912,3.789999915,-99.98999777,10.14749977,11.29499975,7.939999823,6.904999846,5.609999875,8.699999806,11.52999974,8.884999801,6.127499863,4.759999894,3.13999993,4.659999896,5.283333215,8.684999806,6.127499863,10.12499977,18.35749959,21.03999953,28.25999937,16.58499963,17.12749962,26.07999942,17.04499962,13.64999969,3.179999929,2.134999952,1.529999966,-99.98999777,-99.98999777,-99.98999777,4.379999902,-99.98999777,5.649999874,11.08999975,11.34249975,3.986666578,-99.98999777,5.429999879,6.266666527,6.079999864,6.019999865,5.667499873,9.754999782,9.682499784,7.15999984,3.052499932,2.439999945,2.863333269,1.78499996,7.569999831,6.814999848,8.104999819,11.07499975,6.877499846,5.032499888,4.4849999,4.784999893,3.729999917,1.689999962,0.974999978,2.089999953,-99.98999777,-99.98999777,-99.98999777,2.639999941,2.339999948,-99.98999777,2.429999946,6.579999853,-99.98999777,5.397499879,6.324999859,5.149999885,-99.98999777,5.744999872,13.4924997,6.109999863,4.504999899,4.289999904,6.387499857,5.433333212,7.60499983,8.802499803,6.69499985,3.184999929,3.179999929,8.614999807,6.939999845,4.129999908,4.737499894,8.364999813,9.262499793,9.669999784,11.29749975,13.6099997,6.232499861,4.234999905,2.343333281,-99.98999777,12.58249972,5.977499866,8.05499982,6.69999985,8.353333147,9.079999797,3.239999928,3.859999914,2.569999943,-99.98999777,-99.98999777,-99.98999777,4.639999896,12.97499971,6.70499985,4.852499892,3.126666597,4.92499989,8.412499812,10.35999977,4.779999893,4.179999907,5.304999881,8.799999803,5.544999876,4.074999909,7.14249984,2.489999944,2.673333274,6.969999844,5.956666534,3.946666578,3.084999931,7.122499841,10.96999975,10.56999976,-99.98999777,11.35333308,10.56666643,11.30749975,4.849999892,7.424999834,8.114999819,9.814999781,7.437499834
6.517499854,5.402499879,2.999999933,10.67249976,13.3499997,8.49249981,8.50999981,7.13749984,3.529999921,2.039999954,-99.98999777,18.52249959,10.04666644,9.534999787,3.499999922,4.353333236,7.973333155,11.94749973,8.124999818,6.713333183,4.507499899,4.03749991,2.559999943,7.944999822,17.25666628,4.439999901,9.08333313,11.47499974,9.504999788,6.169999862,7.61999983,7.492499833,8.382499813,9.487499788,8.48999981,-99.98999777,6.627499852,7.349999836,5.582499875,6.982499844,7.012499843,4.4649999,5.82499987,4.784999893,5.469999878,6.444999856,3.762499916,-99.98999777,4.509999899,7.389999835,9.924999778,4.219999906,18.31999959,25.65249943,15.21749966,13.5324997,8.119999819,9.727499783,21.69499952,16.22499964,18.49333292,14.27499968,9.769999782,1.859999958,-99.98999777,-99.98999777,-99.98999777,-99.98999777,7.369999835,7.092499841,9.583333119,1.459999967,61.12499863,7.519999832,5.937499867,3.944999912,7.059999842,3.059999932,6.342499858,7.429999834,6.974999844,6.412499857,4.64333323,4.207499906,-99.98999777,4.309999904,10.71249976,7.474999833,5.81999987,5.317499881,6.023333199,3.849999914,2.819999937,3.417499924,2.374999947,1.252499972,-99.98999777,-99.98999777,-99.98999777,2.149999952,2.616666608,8.49999981,7.193333173,3.952499912,6.919999845,8.469999811,9.049999798,9.237499794,4.00499991,3.889999913,9.912499778,20.90749953,10.13499977,-99.98999777,8.854999802,11.17999975,6.287499859,9.164999795,6.607499852,4.402499902,3.174999929,1.77999996,8.9499998,12.14749973,7.784999826,6.509999854,8.137499818,7.474999833,8.229999816,6.969999844,7.344999836,5.992499866,3.847499914,3.479999922,6.829999847,9.207499794,7.249999838,8.467499811,8.802499803,8.236666483,-99.98999777,6.764999849,4.986666555,1.674999963,2.739999939,2.624999941,-99.98999777,27.64666605,21.46999952,4.076666576,7.069999842,7.834999825,3.199999928,4.093333242,5.853333203,4.357499903,4.534999899,4.224999906,6.139999863,9.869999779,3.344999925,5.692499873,11.96999973,8.166666484,5.069999887,5.469999878,5.524999877,3.13499993,3.179999929,4.692499895,9.986666443,16.01999964,5.80749987,14.87999967,6.062499864,7.217499839,5.592499875,13.98999969,6.922499845,3.869999913
4.92999989,1.786666627,4.373333236,5.867499869,5.986666533,-99.98999777,4.079999909,4.229999905,3.944999912,2.074999954,-99.98999777,7.859999824,4.619999897,4.023333243,4.319999903,3.314999926,5.644999874,6.009999866,6.299999859,7.569999831,2.264999949,3.326666592,-99.98999777,2.424999946,2.399999946,10.66999976,4.92249989,8.682499806,9.977499777,6.449999856,7.067499842,10.05999978,7.902499823,8.084999819,7.279999837,2.663333274,15.56249965,9.937499778,7.472499833,7.904999823,6.489999855,8.9474998,6.974999844,6.204999861,7.349999836,6.984999844,7.017499843,5.82999987,6.606666519,6.492499855,7.039999843,2.607499942,9.257499793,12.61249972,27.51749938,18.37749959,20.32999955,10.20666644,11.12499975,-99.98999777,10.52249976,17.18499962,15.10499966,2.009999955,0.669999985,-99.98999777,-99.98999777,10.39999977,14.88249967,16.52499963,14.38333301,5.534999876,21.05499953,5.724999872,7.249999838,5.299999882,3.852499914,5.482499877,8.274999815,6.819999848,7.376666502,6.497499855,6.25499986,4.682499895,27.91999938,8.137499818,5.172499884,7.467499833,5.979999866,5.947499867,5.204999884,5.042499887,4.324999903,3.219999928,2.017499955,2.124999953,1.909999957,1.066666643,-99.98999777,1.549999965,3.812499915,3.799999915,7.237499838,6.70249985,17.7549996,16.87499962,14.94749967,12.20249973,11.90333307,2.639999941,3.349999925,1.679999962,-99.98999777,7.379999835,10.91333309,14.05999969,5.467499878,6.882499846,3.372499925,4.257499905,3.857499914,-99.98999777,5.674999873,8.602499808,6.547499854,4.332499903,4.516666566,10.67249976,9.197499794,7.562499831,7.124999841,6.70749985,3.197499929,3.58999992,5.466666544,10.99249975,9.437499789,5.534999876,2.262499949,6.944999845,7.863333158,5.34999988,5.987499866,5.81749987,10.25749977,10.82249976,39.22999912,62.6299986,13.5399997,9.227499794,4.059999909,7.049999842,3.899999913,6.089999864,2.489999944,3.214999928,3.022499932,7.052499842,-99.98999777,2.724999939,3.367499925,4.599999897,6.644999851,10.97499975,9.587499786,7.824999825,1.914999957,5.534999876,3.57499992,4.999999888,2.799999937,5.849999869,14.45749968,4.069999909,2.979999933,2.25749995,6.143333196,3.099999931,3.523333255,8.334999814
3.563333254,4.359999903,1.77999996,9.654999784,5.696666539,17.8299996,4.822499892,2.67499994,2.109999953,1.959999956,1.839999959,5.844999869,3.389999924,3.906666579,3.179999929,4.716666561,10.10499977,4.719999894,10.42499977,6.399999857,4.184999906,4.397499902,2.419999946,8.05499982,15.20999966,10.71999976,9.339999791,9.679999784,10.71749976,4.749999894,7.972499822,7.007499843,7.134999841,4.889999891,5.689999873,7.797499826,8.587499808,8.474999811,7.052499842,5.102499886,6.762499849,9.144999796,6.219999861,6.332499858,4.853333225,7.459999833,-99.98999777,3.679999918,6.117499863,11.10499975,6.642499852,4.627499897,6.332499858,6.059999865,16.27749964,26.44499941,21.76249951,10.72749976,17.03249962,0.42999999,2.882499936,1.80999996,6.506666521,-99.98999777,-99.98999777,1.899999958,4.433333234,6.554999853,19.22999957,22.1949995,10.05999978,4.879999891,2.549999943,4.4674999,3.444999923,4.013333244,7.526666498,7.093333175,14.11499968,4.882499891,5.843333203,13.62666636,3.974999911,1.593333298,12.12999973,8.769999804,8.449999811,8.454999811,4.844999892,6.69999985,7.764999826,9.192499795,7.342499836,3.492499922,2.097499953,4.792499893,-99.98999777,-99.98999777,2.149999952,2.029999955,0.719999984,1.137499975,2.759999938,4.952499889,7.912499823,16.60749963,36.27999919,14.31249968,4.91499989,1.469999967,3.259999927,1.599999964,-99.98999777,4.539999899,9.324999792,11.33499975,4.363333236,2.769999938,3.882499913,7.229999838,3.719999917,4.429999901,6.70999985,7.662499829,7.689999828,10.01249978,8.719999805,8.682499806,11.11249975,6.229999861,5.727499872,5.099999886,4.352499903,1.374999969,2.789999938,30.03999933,8.06999982,11.28999975,6.784999848,8.244999816,13.05999971,14.98249967,11.95499973,7.057499842,6.947499845,3.999999911,6.649999851,10.32249977,5.616666541,6.569999853,2.364999947,3.079999931,4.774999893,11.88999973,14.44749968,6.24499986,5.317499881,6.824999847,8.334999814,6.524999854,10.23499977,6.104999864,7.464999833,14.27999968,16.40249963,16.50749963,8.279999815,4.592499897,4.229999905,4.422499901,3.064999931,4.784999893,9.992499777,29.59999934,11.67749974,4.287499904,5.129999885,2.789999938,-99.98999777,6.469999855
13.17999971,9.97333311,7.109999841,24.23999946,8.609999808,4.689999895,6.477499855,3.946666578,2.639999941,2.549999943,2.223333284,1.32499997,33.49999925,-99.98999777,3.604999919,5.199999884,2.754999938,5.479999878,3.239999928,2.293333282,2.949999934,2.557499943,0.549999988,2.473333278,29.30333268,7.577499831,15.85749965,16.52999963,8.089999819,9.104999796,9.012499799,6.204999861,6.902499846,6.887499846,6.829999847,10.57999976,6.552499854,7.814999825,7.239999838,6.609999852,7.812499825,7.447499834,6.869999846,4.016666577,4.827499892,8.923333134,3.249999927,12.52999972,-99.98999777,-99.98999777,12.14499973,7.16499984,8.119999819,8.352499813,7.867499824,32.23999928,18.69249958,15.02999966,31.88749929,3.074999931,3.422499924,2.436666612,-99.98999777,1.099999975,1.024999977,1.654999963,4.852499892,10.34249977,15.18999966,15.59499965,10.44249977,6.326666525,13.65749969,5.66666654,6.577499853,6.214999861,9.059999797,10.5833331,6.68999985,6.567499853,6.25499986,2.299999949,1.449999968,7.16999984,1.489999967,5.337499881,15.42999966,8.772499804,8.652499807,11.70749974,7.819999825,9.287499792,7.012499843,5.922499868,1.897499958,4.147499907,8.51499981,2.307499948,1.719999962,2.016666622,1.506666633,1.284999971,2.552499943,9.979999777,12.18499973,18.84499958,19.09749957,6.557499853,4.594999897,1.084999976,2.66749994,3.919999912,-99.98999777,5.139999885,6.174999862,7.339999836,8.257499815,3.284999927,5.169999884,2.772499938,4.884999891,8.536666476,4.449999901,9.372499791,10.26249977,11.52499974,9.207499794,11.20999975,11.61999974,6.767499849,6.769999849,2.332499948,4.979999889,3.304999926,2.70249994,6.169999862,9.314999792,9.057499798,11.55999974,10.10749977,12.79499971,13.2049997,15.36249966,4.839999892,3.697499917,2.309999948,1.244999972,3.59749992,6.519999854,7.857499824,5.769999871,10.02999978,12.11249973,14.35499968,16.80749962,5.307499881,3.13999993,8.757499804,7.30333317,21.92749951,19.13749957,12.56499972,5.702499873,4.93249989,4.194999906,3.989999911,5.709999872,8.51999981,5.632499874,4.4899999,3.459999923,8.167499817,6.029999865,8.317499814,9.429999789,5.494999877,4.4699999,8.544999809,8.902499801,5.53333321
2.927499935,3.923333246,3.44666659,4.303333237,5.604999875,7.263333171,2.589999942,3.004999933,3.859999914,3.346666592,11.68999974,31.67333263,36.04999919,4.303333237,11.66499974,4.449999901,6.749999849,6.552499854,1.979999956,4.959999889,4.224999906,2.034999955,2.66999994,3.473333256,7.209999839,9.38499979,10.33249977,14.28499968,10.97749975,8.05499982,5.427499879,6.372499858,7.017499843,5.254999883,6.72999985,8.264999815,9.517499787,7.332499836,9.41499979,11.47749974,10.79999976,7.119999841,6.047499865,5.219999883,4.4899999,9.189999795,1.009999977,5.969999867,8.283333148,4.789999893,4.4899999,10.76999976,11.70999974,6.914999845,9.529999787,16.42333297,26.8799994,9.157499795,39.07999913,53.7699988,12.42749972,8.699999806,2.419999946,3.654999918,4.339999903,4.4524999,8.50499981,16.01999964,20.81249953,14.05999969,4.374999902,5.324999881,8.9274998,18.0074996,14.58499967,10.48999977,14.82666634,40.71666576,7.927499823,8.679999806,6.437499856,5.933333201,4.549999898,6.154999862,5.344999881,10.19999977,9.202499794,7.002499843,7.14999984,8.769999804,9.877499779,10.20749977,10.22749977,4.309999904,1.729999961,0.822499982,5.143333218,6.824999847,4.174999907,4.279999904,22.5399995,4.4749999,8.144999818,12.32249972,11.08749975,18.47499959,9.229999794,9.634999785,4.873333224,6.964999844,18.96499958,8.876666468,2.079999954,-99.98999777,5.189999884,7.902499823,3.032499932,6.129999863,5.917499868,8.9424998,6.184999862,6.177499862,11.93999973,10.69249976,11.13749975,15.35499966,11.36749975,14.23999968,14.47333301,13.4824997,8.474999811,4.309999904,4.229999905,2.436666612,3.839999914,7.762499826,11.52499974,13.2999997,17.06499962,7.664999829,6.112499863,8.389999812,6.602499852,6.909999846,6.767499849,2.423333279,1.666666629,1.523333299,1.889999958,2.977499933,3.829999914,20.51499954,15.36499966,12.82999971,7.15999984,1.419999968,2.014999955,1.849999959,2.124999953,6.499999855,9.602499785,9.182499795,8.379999813,5.457499878,3.284999927,-99.98999777,5.679999873,8.459999811,1.569999965,1.872499958,1.476666634,6.477499855,6.467499855,8.287499815,16.61249963,13.90999969,7.774999826,5.264999882,1.569999965,4.724999894
5.586666542,2.354999947,8.199999817,3.849999914,3.563333254,3.502499922,4.4674999,4.517499899,3.423333257,3.389999924,8.632499807,10.81749976,11.25999975,14.43749968,12.08333306,1.692499962,9.867499779,5.322499881,3.777499916,3.262499927,2.236666617,0.713333317,3.653333252,3.837499914,5.333333214,6.419999857,8.664999806,12.01749973,10.12499977,7.262499838,7.477499833,6.337499858,6.004999866,3.532499921,8.419999812,5.564999876,6.676666517,16.52499963,13.87999969,11.24999975,9.259999793,8.50499981,7.084999842,4.92499989,6.109999863,6.659999851,3.179999929,6.062499864,6.122499863,6.489999855,8.534999809,3.509999922,8.674999806,11.74499974,6.253333194,31.1374993,31.3649993,13.02749971,10.39999977,43.12999904,59.70999867,43.13999904,8.672499806,5.81249987,14.74749967,27.90749938,27.40499939,18.54749959,13.4999997,10.05499978,6.504999855,7.117499841,8.702499805,8.677499806,19.50249956,17.9199996,13.3524997,6.309999859,9.079999797,12.31999972,7.349999836,4.214999906,2.469999945,2.994999933,5.244999883,11.22499975,13.80249969,12.83499971,9.352499791,10.22749977,10.29249977,9.779999781,7.069999842,3.194999929,1.187499973,-99.98999777,3.57999992,4.389999902,5.782499871,16.45333297,21.57499952,10.32499977,6.789999848,5.693333206,6.094999864,18.16249959,13.19249971,6.444999856,4.543333232,12.45749972,9.087499797,10.41249977,7.15249984,6.513333188,12.00749973,2.433333279,4.829999892,2.799999937,3.712499917,3.367499925,6.962499844,6.672499851,6.522499854,10.75749976,11.07499975,13.5974997,8.232499816,7.677499828,9.709999783,13.79249969,8.469999811,6.302499859,3.717499917,6.979999844,5.863333202,13.2724997,8.439999811,11.31249975,13.12499971,6.754999849,8.274999815,10.3533331,7.322499836,4.702499895,14.99499966,6.399999857,3.169999929,3.544999921,1.249999972,5.179999884,3.929999912,7.484999833,8.862499802,9.934999778,-99.98999777,-99.98999777,-99.98999777,-99.98999777,-99.98999777,0.569999987,0.619999986,-99.98999777,-99.98999777,3.064999931,4.632499896,-99.98999777,-99.98999777,3.389999924,10.15499977,37.47999916,6.044999865,4.659999896,40.1849991,4.382499902,7.449999833,10.51749976,15.45333299,1.404999969,5.222499883,4.614999897
7.734999827,3.433333257,5.924999868,7.692499828,5.092499886,5.37749988,6.037499865,3.474999922,4.446666567,2.809999937,1.762499961,3.11999993,5.519999877,10.10999977,12.89999971,11.45999974,11.59999974,4.94249989,9.792499781,2.246666616,1.849999959,0.799999982,3.369999925,5.137499885,5.737499872,9.166666462,10.90499976,10.88249976,4.094999908,8.03749982,4.803333226,6.624999852,2.044999954,-99.98999777,8.094999819,7.067499842,6.716666517,2.983333267,5.276666549,15.83333298,15.63499965,4.229999905,4.869999891,6.769999849,3.692499917,1.639999963,3.334999925,8.159999818,5.302499881,5.644999874,24.30499946,13.4999997,6.893333179,5.679999873,12.95499971,60.07749866,11.14999975,10.52749976,11.20749975,42.55999905,34.24499923,54.30999879,35.71666587,11.22333308,26.41999941,28.34499937,13.85499969,3.952499912,6.407499857,4.667499896,6.454999856,4.642499896,6.212499861,6.117499863,11.01999975,12.77749971,36.99499917,21.51999952,27.82249938,7.692499828,27.27999939,24.07249946,2.969999934,6.054999865,5.442499878,8.192499817,7.759999827,9.904999779,10.68999976,10.67749976,11.42999974,8.794999803,7.687499828,2.457499945,1.217499973,-99.98999777,-99.98999777,-99.98999777,2.994999933,8.189999817,9.67666645,1.549999965,3.689999918,3.869999913,6.899999846,21.75249951,12.04999973,4.289999904,2.834999937,6.674999851,10.37499977,8.262499815,11.20999975,18.31249959,2.859999936,14.71499967,5.159999885,4.179999907,4.362499902,6.69249985,8.632499807,4.252499905,7.192499839,10.28499977,9.717499783,10.15749977,9.574999786,10.58249976,7.552499831,9.719999783,6.852499847,6.667499851,5.127499885,7.342499836,18.54333292,4.994999888,14.28249968,10.15499977,14.42999968,12.10499973,13.72999969,9.897499779,5.897499868,2.907499935,6.349999858,3.049999932,1.834999959,2.296666615,2.544999943,-99.98999777,-99.98999777,5.449999878,-99.98999777,-99.98999777,-99.98999777,-99.98999777,-99.98999777,-99.98999777,1.994999955,1.294999971,-99.98999777,-99.98999777,-99.98999777,2.209999951,-99.98999777,-99.98999777,-99.98999777,2.436666612,4.403333235,4.434999901,12.27249973,19.47499956,15.52249965,5.559999876,14.28999968,16.15499964,11.06999975,7.653333162,2.529999943,5.522499877
27.40749939,17.28249961,5.407499879,8.417499812,9.019999798,5.629999874,5.057499887,4.199999906,2.519999944,3.947499912,2.502499944,3.442499923,3.312499926,4.574999898,6.857499847,11.93249973,16.15999964,13.99999969,8.157499818,2.424999946,1.707499962,3.282499927,2.273333283,2.979999933,4.434999901,5.052499887,9.504999788,10.07249977,6.427499856,7.524999832,3.787499915,4.577499898,6.153333196,5.792499871,6.009999866,11.65749974,15.47749965,11.13499975,13.5774997,11.44249974,8.9649998,9.352499791,3.809999915,6.929999845,4.159999907,2.166666618,3.306666593,9.764999782,11.82749974,6.134999863,8.194999817,7.032499843,10.31249977,9.329999791,24.65749945,66.23249852,-99.98999777,7.789999826,12.34749972,37.63749916,21.05499953,27.24999939,-99.98999777,-99.98999777,-99.98999777,13.2249997,6.386666524,2.962499934,2.189999951,-99.98999777,3.497499922,6.217499861,11.02749975,9.034999798,7.754999827,11.61999974,13.78749969,26.9574994,105.6999976,69.86249844,14.67499967,9.649999784,6.972499844,17.8324996,6.027499865,8.902499801,7.362499835,5.029999888,7.444999834,9.637499785,13.4999997,9.434999789,7.60999983,2.922499935,0.693333318,0.419999991,-99.98999777,-99.98999777,-99.98999777,-99.98999777,-99.98999777,-99.98999777,3.049999932,2.67999994,9.342499791,11.71249974,10.59999976,3.849999914,2.552499943,3.962499911,6.182499862,9.38249979,13.90249969,10.24249977,19.96749955,6.139999863,4.947499889,7.623333163,5.929999867,4.659999896,3.964999911,3.434999923,7.847499825,10.70999976,13.2824997,13.08499971,10.04249978,9.469999788,6.899999846,4.089999909,5.622499874,7.419999834,4.897499891,7.272499837,10.51249977,13.98749969,22.96999949,16.46249963,26.30999941,3.069999931,20.78999954,6.687499851,2.794999938,2.732499939,9.327499792,7.13999984,12.67249972,5.129999885,9.223333127,7.704999828,6.149999863,3.439999923,-99.98999777,-99.98999777,-99.98999777,-99.98999777,-99.98999777,0.829999981,2.68999994,2.093333287,1.624999964,1.169999974,3.829999914,5.469999878,2.469999945,2.309999948,-99.98999777,5.572499875,3.12749993,22.44666616,6.484999855,7.503333166,25.81333276,28.64333269,19.60999956,56.98499873,8.597499808,20.45749954,18.14249959,5.79999987
8.667499806,11.09249975,12.56249972,11.49749974,6.992499844,3.379999924,3.932499912,4.169999907,3.247499927,2.577499942,2.992499933,6.332499858,7.129999841,17.12249962,11.03749975,10.58749976,9.334999791,4.334999903,3.524999921,2.374999947,3.519999921,5.882499869,2.599999942,3.56749992,5.842499869,6.737499849,6.409999857,5.717499872,4.639999896,5.38749988,3.482499922,4.03999991,3.044999932,3.707499917,3.402499924,4.827499892,7.519999832,10.80999976,7.452499833,9.524999787,12.81249971,20.56249954,8.06999982,6.684999851,3.227499928,3.742499916,6.947499845,6.42333319,9.484999788,7.529999832,7.884999824,10.68499976,10.54249976,8.04249982,42.19249906,38.51999914,8.324999814,7.212499839,13.97249969,45.77749898,54.27999879,34.94999922,37.81999915,-99.98999777,-99.98999777,10.55999976,4.727499894,4.4599999,-99.98999777,3.099999931,1.619999964,6.884999846,13.12749971,10.93749976,8.9499998,14.53249968,13.99249969,11.86249973,18.02333293,149.9999966,17.94333293,5.319999881,14.57333301,9.504999788,4.987499889,7.077499842,11.36999975,9.362499791,10.73249976,13.90499969,14.05999969,11.90499973,7.984999822,3.092499931,1.382499969,0.649999985,-99.98999777,-99.98999777,-99.98999777,-99.98999777,-99.98999777,-99.98999777,-99.98999777,7.244999838,4.807499893,11.28249975,3.752499916,4.384999902,6.499999855,9.187499795,7.129999841,5.759999871,8.337499814,13.3124997,15.82499965,22.67999949,28.54666603,9.574999786,2.619999941,1.714999962,2.889999935,4.199999906,4.799999893,8.664999806,13.2899997,9.524999787,7.227499838,5.039999887,7.844999825,10.25499977,12.42499972,10.48749977,7.217499839,3.942499912,9.359999791,12.39749972,6.957499844,11.60749974,13.71999969,12.62999972,9.347499791,6.222499861,6.367499858,3.512499921,4.374999902,8.309999814,7.507499832,8.557499809,10.77999976,5.857499869,4.4924999,2.983333267,-99.98999777,-99.98999777,-99.98999777,-99.98999777,-99.98999777,0.964999978,1.492499967,1.902499957,2.034999955,4.267499905,7.902499823,12.50249972,11.18749975,6.404999857,2.709999939,10.04249978,9.229999794,13.14749971,17.9999996,20.19249955,19.24999957,24.19499946,18.67499958,47.12999895,37.10999917,13.6024997,22.3799995,23.38999948
14.68749967,6.70249985,4.249999905,11.87749973,15.41249966,4.739999894,2.207499951,3.667499918,4.512499899,3.547499921,5.859999869,16.89499962,12.74499972,10.05249978,12.64999972,11.89499973,7.59499983,9.597499785,-99.98999777,5.699999873,5.939999867,11.27999975,4.92749989,4.4699999,4.682499895,6.382499857,4.91249989,5.737499872,6.952499845,4.92999989,5.034999887,4.952499889,4.242499905,3.549999921,3.522499921,5.667499873,6.172499862,5.38749988,7.732499827,9.357499791,10.13749977,9.252499793,6.832499847,15.41749966,8.427499812,2.927499935,11.43749974,3.209999928,3.469999922,6.742499849,9.737499782,17.16999962,29.67999934,17.05999962,37.39249916,35.55249921,18.40749959,21.03249953,52.66499882,95.13999787,63.30749858,24.04249946,13.31333304,8.05999982,8.296666481,11.09249975,11.92999973,2.429999946,5.209999884,6.743333183,28.20249937,7.17749984,11.86249973,14.43999968,18.51499959,12.50499972,28.90999935,13.15499971,5.959999867,16.92499962,8.819999803,97.34999782,16.5066663,7.546666498,9.774999782,7.674999828,13.08249971,10.74249976,8.082499819,9.464999788,10.11749977,10.05249978,7.864999824,3.494999922,1.422499968,1.459999967,1.484999967,1.884999958,-99.98999777,-99.98999777,-99.98999777,-99.98999777,-99.98999777,5.37999988,6.336666525,4.683333229,7.387499835,6.537499854,12.85749971,8.747499804,10.63749976,9.769999782,7.219999839,6.907499846,9.439999789,14.07499969,13.64999969,10.10999977,7.004999843,3.884999913,9.83749978,1.486666633,4.979999889,9.239999793,11.38999975,10.83999976,5.942499867,7.894999824,12.06749973,6.079999864,8.9274998,6.072499864,5.942499867,7.649999829,9.054999798,8.629999807,10.72249976,11.06999975,10.98749975,7.947499822,9.464999788,7.092499841,9.884999779,5.549999876,4.799999893,10.19749977,7.887499824,11.06749975,5.419999879,3.586666586,3.832499914,3.746666583,11.55499974,3.12249993,4.473333233,2.406666613,1.509999966,0.89999998,1.299999971,3.59499992,2.199999951,9.809999781,12.10749973,14.26999968,11.52499974,5.526666543,17.78666627,12.82249971,5.682499873,16.98749962,3.499999922,35.19999921,16.1866663,20.63749954,15.54999965,29.23999935,4.299999904,17.52749961,13.85999969,18.33999959
39.22249912,12.32749972,3.769999916,2.999999933,4.949999889,7.102499841,4.202499906,4.544999898,6.532499854,8.222499816,12.60999972,13.93749969,12.64999972,8.674999806,7.257499838,5.614999874,6.482499855,4.422499901,3.249999927,65.89999853,48.47249892,13.2399997,13.6224997,5.709999872,4.712499895,3.804999915,3.727499917,4.862499891,4.4649999,3.857499914,3.647499918,2.117499953,1.679999962,2.159999952,3.182499929,7.257499838,10.28999977,9.39499979,8.974999799,7.61249983,8.309999814,7.827499825,12.58749972,7.15999984,7.903333157,2.807499937,13.00499971,2.172499951,6.792499848,6.547499854,13.14999971,33.14999926,55.79499875,36.59999918,37.17249917,43.77749902,16.75749963,72.40749838,67.98749848,91.30999796,49.2424989,10.82249976,6.612499852,7.954999822,13.5924997,7.513333165,8.9349998,6.999999844,6.184999862,12.34999972,25.35999943,85.96249808,27.73666605,12.72499972,23.77499947,6.789999848,16.98999962,23.66999947,14.98749967,11.63749974,9.949999778,-99.98999777,104.283331,36.63333251,7.907499823,5.024999888,6.059999865,11.66999974,10.36999977,7.664999829,8.684999806,6.829999847,10.35749977,8.162499818,2.417499946,1.219999973,1.079999976,1.80499996,2.174999951,-99.98999777,-99.98999777,5.229999883,14.42249968,16.10499964,9.209999794,4.857499891,5.397499879,11.25249975,14.74999967,16.78749962,22.1799995,15.57499965,17.40499961,7.942499822,4.949999889,6.107499863,7.102499841,27.81999938,49.1949989,20.13499955,5.784999871,9.089999797,7.384999835,9.917499778,7.022499843,7.937499823,6.26249986,9.949999778,7.037499843,7.729999827,6.019999865,3.56999992,6.28499986,7.262499838,12.87249971,17.56999961,15.39499966,9.819999781,10.41499977,10.13499977,8.582499808,6.759999849,5.404999879,6.647499851,17.60999961,10.08249977,11.91749973,13.2124997,10.52749976,13.66749969,9.732499782,17.11999962,13.69999969,1.614999964,3.14749993,7.632499829,4.342499903,6.782499848,16.60333296,6.982499844,4.03999991,9.247499793,12.61999972,7.58999983,4.936666556,20.79999954,17.09999962,16.92249962,17.58499961,23.78999947,51.03749886,48.77749891,29.69999934,31.1349993,11.65749974,7.572499831,16.52749963,10.86249976,19.94499955,17.19749962
38.88249913,9.254999793,5.937499867,5.079999886,5.864999869,11.70499974,18.40999959,24.32749946,15.23249966,18.99499958,14.29499968,12.21749973,8.582499808,6.917499845,5.519999877,3.877499913,5.149999885,5.042499887,4.03749991,8.907499801,-99.98999777,-99.98999777,71.5049984,65.4466652,22.4974995,3.979999911,5.047499887,5.669999873,4.182499907,3.047499932,2.064999954,4.154999907,5.727499872,5.217499883,6.917499845,6.754999849,8.372499813,8.529999809,8.787499804,9.334999791,8.587499808,9.107499796,7.837499825,18.89249958,12.36249972,4.852499892,12.15499973,2.644999941,7.222499839,8.917499801,18.45749959,22.65249949,36.31333252,60.15499866,54.23999879,21.84666618,11.22749975,105.2199976,44.749999,34.23999923,19.95999955,5.939999867,-99.98999777,4.534999899,15.24999966,21.53499952,8.9574998,13.05749971,9.132499796,7.887499824,32.56333261,52.84333215,19.84249956,22.3974995,27.63999938,36.87499918,19.19749957,24.38999945,16.55999963,30.77499931,4.873333224,-99.98999777,-99.98999777,87.57499804,61.34249863,23.58499947,10.09749977,4.862499891,8.472499811,9.632499785,10.30999977,9.602499785,6.414999857,11.88999973,10.64249976,5.562499876,2.272499949,2.586666609,2.879999936,5.124999885,7.814999825,9.963333111,11.46999974,6.542499854,3.583333253,7.294999837,12.01499973,5.124999885,4.839999892,13.05749971,13.4674997,16.26749964,22.4549995,29.65999934,15.09999966,7.839999825,8.244999816,8.143333151,114.5199974,61.98499861,13.96249969,9.024999798,5.339999881,7.392499835,7.642499829,7.939999823,7.257499838,6.019999865,8.837499802,5.889999868,1.177499974,2.654999941,5.069999887,4.512499899,4.849999892,8.524999809,26.04749942,29.31499934,13.6099997,12.30749972,6.579999853,6.899999846,8.859999802,7.532499832,21.02749953,26.58499941,34.50749923,10.52749976,11.29249975,8.412499812,10.95499976,12.23249973,15.47499965,15.53499965,10.32499977,10.55249976,5.419999879,3.489999922,4.04499991,8.214999816,7.834999825,7.649999829,10.83499976,9.127499796,7.119999841,12.02333306,18.47749959,11.35999975,35.11999922,13.4674997,48.84499891,53.35999881,36.04499919,43.97999902,35.30999921,8.547499809,14.03499969,20.30499955,12.18499973,41.48499907
149.9999966,25.29499943,15.04749966,15.63499965,8.739999805,7.132499841,35.52249921,49.2099989,19.82999956,29.27333268,16.03749964,10.76499976,14.37249968,11.16249975,8.07249982,5.267499882,6.607499852,6.087499864,12.12499973,16.08499964,10.3933331,-99.98999777,31.54999929,40.79666575,39.52666578,37.31749917,24.69749945,17.15749962,9.242499793,4.512499899,3.949999912,14.52249968,20.27249955,20.60749954,13.92499969,10.27999977,10.37999977,9.357499791,16.18249964,22.4774995,6.964999844,14.66249967,5.36249988,52.65999882,30.75249931,8.379999813,11.40499975,14.71999967,7.379999835,8.872499802,6.839999847,8.50249981,12.09999973,43.04249904,14.01999969,13.3299997,3.209999928,2.073333287,0.754999983,-99.98999777,-99.98999777,-99.98999777,-99.98999777,5.199999884,11.06499975,11.78999974,11.74999974,13.66249969,12.02249973,25.97249942,36.58499918,30.75499931,24.37749946,32.67499927,32.40999928,28.69249936,50.68749887,19.28499957,27.81249938,10.81999976,16.36499963,3.964999911,9.134999796,18.59999958,48.59999891,57.84249871,54.93499877,27.20749939,14.74249967,9.39749979,6.69749985,6.879999846,5.527499876,15.80749965,20.02249955,20.91499953,13.17749971,8.459999811,7.367499835,8.404999812,8.392499812,8.882499801,4.624999897,4.574999898,3.389999924,7.112499841,6.324999859,1.557499965,2.994999933,7.529999832,10.54999976,12.88999971,8.289999815,10.93749976,16.41749963,21.80249951,19.14999957,12.49749972,9.293333126,114.6599974,66.62999851,24.07999946,11.23499975,5.732499872,5.79999987,7.209999839,14.07499969,3.554999921,8.884999801,3.604999919,1.559999965,5.442499878,6.034999865,7.61999983,8.05999982,11.68999974,11.59249974,39.61749911,68.67666513,18.48249959,12.72749972,5.989999866,11.26749975,7.947499822,14.30499968,14.97499967,27.98999937,5.087499886,8.982499799,12.95499971,14.61749967,18.47499959,12.03749973,8.624999807,8.50499981,1.80749996,3.669999918,3.56249992,5.242499883,11.67499974,11.66249974,25.76499942,22.4199995,13.66499969,14.78749967,12.62499972,22.14499951,15.20749966,43.94999902,27.27499939,35.8099992,7.527499832,8.837499802,28.11499937,18.66499958,9.996666443,25.33749943,36.48999918,11.85999973,14.13333302
18.90999958,32.90749926,6.477499855,5.692499873,11.64499974,7.557499831,131.2433304,93.18666458,22.3599995,26.82333273,15.07249966,8.549999809,7.582499831,14.04249969,9.937499778,7.224999839,6.559999853,4.429999901,9.892499779,17.25499961,9.552499786,8.397499812,56.83999873,20.32999955,149.9999966,57.60499871,61.50749863,28.06333271,26.30499941,4.4874999,7.714999828,46.13249897,26.30749941,20.11499955,20.00249955,21.32749952,14.24249968,15.01249966,14.53749968,24.02749946,17.8824996,16.34999963,19.61999956,72.69249838,53.34999881,21.93999951,15.99249964,11.44249974,11.40499975,5.217499883,6.409999857,6.767499849,8.544999809,12.51749972,3.874999913,0.844999981,0.76666665,0.619999986,1.294999971,1.164999974,-99.98999777,-99.98999777,-99.98999777,-99.98999777,11.35333308,17.07249962,8.469999811,11.78999974,6.807499848,15.27249966,8.879999802,19.24249957,27.91749938,14.80999967,19.49749956,20.48999954,24.13249946,28.15999937,14.78666634,5.426666545,8.402499812,43.1266657,4.092499909,8.329999814,10.88249976,24.84749944,48.21749892,45.60749898,45.62999898,36.52999918,32.35749928,18.13999959,8.279999815,10.42999977,16.84999962,21.45249952,21.26499952,16.00999964,9.84249978,11.66999974,17.01999962,20.49499954,6.499999855,10.77999976,9.659999784,9.772499782,3.477499922,3.454999923,3.079999931,4.179999907,8.147499818,10.84999976,15.03249966,19.89749956,24.36749946,11.17999975,45.49249898,26.22249941,11.22999975,76.36499829,97.92499781,43.48999903,45.83499898,8.397499812,10.45749977,20.58999954,10.14749977,11.03999975,18.49249959,8.397499812,2.317499948,3.487499922,6.134999863,10.54999976,14.41999968,17.9599996,24.89749944,19.29249957,13.76333303,45.34499899,13.68666636,7.89666649,4.502499899,10.19999977,9.85249978,13.97999969,20.90749953,16.48999963,14.20499968,7.664999829,9.704999783,9.967499777,18.0649996,8.907499801,4.882499891,5.154999885,13.84999969,9.169999795,4.527499899,13.4749997,26.60249941,34.89249922,17.25749961,7.13999984,6.794999848,20.51999954,8.769999804,9.544999787,16.12749964,19.71249956,10.89999976,11.80333307,16.37499963,31.99499928,14.21499968,3.462499923,12.50999972,18.95999958,13.94249969,22.2074995
16.07749964,19.08749957,9.659999784,8.219999816,17.44249961,58.1999987,105.193331,94.96666454,-99.98999777,96.30999785,42.43749905,9.444999789,16.46999963,10.69749976,10.07249977,9.279999793,8.207499817,12.64249972,27.66499938,39.03249913,56.22249874,80.22249821,143.1099968,122.4999973,24.43999945,-99.98999777,33.95999924,54.13999879,39.00249913,61.15999863,26.8399994,30.90999931,24.52999945,29.45499934,19.46749956,25.12999944,27.96249937,22.4549995,17.11499962,19.04749957,15.16249966,4.4524999,34.42499923,49.56249889,67.38749849,19.56666623,22.4124995,17.7299996,12.03499973,8.49249981,12.11249973,7.16499984,5.559999876,5.982499866,5.38249988,0.517499988,0.522499988,0.479999989,-99.98999777,-99.98999777,-99.98999777,-99.98999777,-99.98999777,-99.98999777,8.434999811,9.004999799,9.39749979,7.779999826,9.319999792,10.04249978,5.334999881,5.724999872,8.777499804,11.28249975,17.07999962,12.69999972,10.06499978,17.50749961,10.79749976,16.56749963,22.1499995,14.66499967,39.39749912,15.80499965,30.88999931,3.59499992,5.882499869,31.51333263,39.01749913,22.4524995,37.24249917,50.71999887,32.73999927,11.22499975,14.54999967,19.46499956,8.844999802,8.889999801,12.43999972,8.867499802,13.76499969,15.46999965,6.989999844,9.594999786,20.75249954,35.05499922,25.22999944,19.02499957,11.83249974,6.70749985,10.51749976,14.93249967,17.33999961,22.98749949,16.92999962,11.26749975,69.79249844,24.09999946,4.4524999,20.04999955,149.9999966,149.9999966,88.23499803,24.85333278,43.20749903,58.82499869,34.09999924,40.70999909,26.9224994,14.33749968,4.954999889,3.849999914,11.75749974,18.51499959,21.10999953,32.49499927,46.90999895,47.31999894,34.10249924,31.04749931,62.02749861,15.50999965,11.07499975,10.45749977,17.24499961,12.09999973,7.279999837,7.657499829,9.304999792,5.872499869,12.15249973,9.767499782,14.88249967,18.72999958,8.872499802,4.629999897,9.617499785,10.02999978,8.012499821,13.2174997,20.61749954,19.40749957,40.1349991,30.05249933,11.12749975,6.099999864,18.68999958,20.43249954,14.80999967,73.49499836,38.69999913,24.73333278,15.32999966,7.309999837,9.209999794,14.90999967,11.63999974,18.15499959,33.97749924,96.42749784
19.88333289,62.90499859,17.9549996,28.54249936,99.60999777,123.5499972,65.08749855,32.66749927,11.73749974,20.71249954,12.04499973,7.677499828,6.389999857,7.892499824,9.667499784,7.927499823,4.889999891,5.679999873,12.54999972,57.79749871,62.5449986,-99.98999777,35.8899992,14.69999967,-99.98999777,-99.98999777,-99.98999777,31.57999929,35.7949992,22.74499949,31.42666596,19.39499957,17.53499961,17.34749961,17.65499961,18.63749958,13.65999969,13.91749969,9.652499784,7.882499824,10.65749976,8.637499807,28.46249936,55.48499876,53.41999881,45.73999898,31.1449993,24.94249944,12.82749971,11.89749973,10.60999976,5.269999882,6.637499852,5.127499885,1.167499974,0.614999986,0.88499998,0.569999987,1.729999961,-99.98999777,2.134999952,4.144999907,4.566666565,4.90999989,2.597499942,5.017499888,16.81499962,12.92249971,7.022499843,7.224999839,12.54499972,11.33249975,8.424999812,14.37999968,16.62749963,5.657499874,10.18999977,9.237499794,19.86999956,6.687499851,6.989999844,12.09249973,18.82499958,20.41249954,32.51749927,13.2674997,9.789999781,8.04249982,6.667499851,47.98999893,14.53999968,19.21249957,58.96499868,56.33999874,12.59999972,11.15249975,12.13499973,11.49499974,10.41999977,6.652499851,7.699999828,8.737499805,16.82249962,21.33999952,13.06499971,27.78499938,48.48999892,72.53749838,56.48749874,23.09249948,19.09999957,23.27499948,24.57499945,24.57499945,19.43499957,15.59749965,5.896666535,61.13999863,15.09749966,5.432499879,37.4933325,10.08999977,52.45999883,101.8899977,78.15499825,83.05999814,69.11749846,102.6524977,84.37333145,29.68999934,3.989999911,17.43499961,16.92999962,25.03749944,32.09249928,41.10749908,50.44499887,41.46249907,39.05749913,26.6824994,79.40999823,80.5449982,19.96666622,25.24749944,6.519999854,11.82249974,12.73249972,10.75749976,11.36499975,7.61999983,9.969999777,18.72749958,78.93333157,25.72499943,20.02249955,11.78499974,7.484999833,5.394999879,7.002499843,11.06999975,15.62499965,19.09999957,20.30249955,8.712499805,14.93249967,21.30999952,13.3599997,19.76999956,15.04249966,94.0349979,41.04999908,20.76499954,10.59999976,10.62999976,15.62749965,52.42999883,61.89999862,43.28499903,51.96249884,28.71999936
-99.98999777,108.3499976,50.44999887,119.6099973,149.9999966,137.0199969,62.23666528,23.95499946,14.03999969,10.92749976,10.31999977,11.20749975,5.184999884,-99.98999777,5.673333207,6.439999856,6.917499845,5.789999871,7.654999829,27.11749939,33.64499925,48.83999891,7.494999832,6.529999854,10.24666644,-99.98999777,-99.98999777,-99.98999777,149.9999966,94.89333121,31.96499929,14.75749967,14.86499967,13.09499971,15.68249965,16.31749964,20.44999954,15.40999966,17.8299996,10.47249977,17.26499961,19.69499956,5.787499871,13.93999969,31.97749929,78.22999825,28.57333269,16.76499963,28.13999937,30.43499932,16.34999963,10.59499976,9.449999789,15.12499966,2.732499939,0.91249998,0.777499983,0.629999986,1.119999975,4.349999903,4.374999902,7.859999824,11.87499973,46.52999896,61.2266653,22.4424995,15.53499965,20.04249955,30.10749933,27.0549994,9.722499783,13.92999969,27.21999939,27.58749938,5.869999869,15.59499965,14.67999967,12.36499972,28.54249936,40.60499909,20.04249955,5.957499867,12.53999972,7.554999831,29.32249934,10.08499977,9.437499789,3.024999932,5.722499872,7.269999838,3.272499927,11.74749974,17.29499961,66.81249851,74.48749834,83.73499813,55.04249877,21.64749952,14.90249967,24.18666613,10.54499976,8.379999813,49.51499889,46.60749896,32.42749928,50.12499888,57.37333205,-99.98999777,-99.98999777,54.76666544,39.39499912,30.77249931,27.99999937,29.73249934,15.40749966,14.47749968,19.09249957,13.95499969,34.17999924,13.4724997,14.70749967,8.603333141,15.81499965,149.9999966,52.68999882,57.42749872,136.399997,70.37999843,-99.98999777,-99.98999777,43.78999902,24.10749946,20.99249953,23.68499947,38.75499913,43.27749903,40.58499909,33.79249924,19.03749957,29.18749935,46.65999896,39.07999913,149.9999966,27.64999938,16.03999964,4.684999895,9.937499778,9.349999791,8.687499806,8.774999804,5.329999881,5.637499874,100.9974977,60.01249866,27.07499939,9.82499978,4.339999903,5.727499872,6.462499856,7.382499835,8.119999819,11.61249974,32.75499927,41.65999907,41.81249907,29.69999934,24.44749945,16.88249962,31.54249929,42.01999906,30.12499933,19.48749956,19.14249957,16.62249963,36.20749919,35.5749992,42.92249904,88.63249802,50.23999888,121.216664
13.5949997,7.16999984,78.28999825,-99.98999777,-99.98999777,28.61999936,45.70999898,109.5549976,45.32499899,24.35499946,17.9649996,18.43749959,18.31249959,15.46999965,11.70749974,6.769999849,10.06249978,11.02499975,10.79249976,13.5624997,17.7449996,13.93999969,10.07499977,12.52999972,17.03249962,12.80999971,6.666666518,5.694999873,32.44999927,65.42333187,33.05749926,34.03499924,21.90749951,17.7649996,18.68499958,19.42249957,12.20249973,14.82249967,14.43499968,15.81999965,21.90499951,43.87499902,15.44499965,8.51999981,38.73999913,86.67999806,42.84666571,19.3133329,6.404999857,27.69499938,26.7524994,27.08249939,12.52499972,50.36999887,5.782499871,0.88999998,0.763333316,-99.98999777,1.429999968,5.859999869,21.99249951,18.80749958,22.3149995,38.82249913,20.04999955,25.99749942,22.4149995,14.33999968,8.084999819,10.75749976,19.44249957,17.8249996,9.624999785,5.582499875,13.6149997,15.65499965,20.19999955,16.21999964,17.18499962,18.69749958,48.68749891,27.38999939,8.9349998,7.877499824,14.17999968,21.79499951,19.29749957,5.342499881,5.707499872,10.55249976,6.299999859,7.17249984,5.924999868,5.292499882,43.55749903,68.18749848,119.486664,109.1099976,139.0449969,82.54499815,33.41499925,23.22499948,121.8549973,74.40499834,-99.98999777,-99.98999777,-99.98999777,-99.98999777,-99.98999777,65.6266652,50.18249888,42.21749906,39.21749912,30.23249932,34.13499924,60.04999866,46.73249896,35.54999921,23.11749948,17.7874996,3.762499916,5.412499879,11.76249974,13.03999971,80.23999821,93.05249792,107.2399976,145.3399968,-99.98999777,-99.98999777,47.30499894,23.74249947,21.57499952,31.72999929,42.92499904,47.66249893,48.83749891,27.72749938,33.56749925,26.33249941,19.72249956,31.03999931,56.91499873,22.5699995,13.19666637,6.68999985,7.632499829,23.42749948,11.37249975,7.224999839,9.597499785,6.634999852,41.76666573,97.28749783,41.20499908,9.699999783,8.094999819,4.262499905,4.364999902,5.559999876,5.742499872,7.959999822,16.61249963,38.89499913,15.06999966,16.97499962,34.31749923,26.6749994,62.18666528,40.85499909,17.8974996,40.59749909,20.02499955,18.0874996,16.39999963,13.16499971,25.27999943,27.82499938,28.41999936,18.14249959
11.73249974,10.31499977,6.342499858,4.559999898,3.449999923,72.05249839,34.99749922,41.29499908,29.99749933,19.08749957,19.77749956,25.00999944,28.03499937,25.77249942,17.9974996,10.46499977,12.05499973,15.78999965,19.11749957,25.10249944,27.71749938,25.37499943,22.91749949,24.03999946,22.85749949,28.70999936,40.4624991,32.74999927,38.57499914,43.96249902,32.92749926,27.39499939,35.9774992,59.50999867,52.28749883,23.03749949,8.024999821,9.932499778,24.44499945,23.87749947,20.29999955,42.39999905,32.46499927,18.70249958,20.31666621,68.01249848,69.28666512,73.70999835,28.42499936,10.75999976,14.843333,21.97499951,22.2374995,24.50499945,10.89999976,7.696666495,3.614999919,-99.98999777,-99.98999777,-99.98999777,10.03499978,24.31499946,18.79749958,40.82999909,25.28333277,14.16249968,10.39499977,9.712499783,9.117499796,7.989999821,11.19749975,8.839999802,6.072499864,10.65249976,10.04749978,11.07499975,16.37249963,20.88999953,28.48249936,26.8149994,14.64499967,14.33749968,11.36499975,24.33749946,19.19499957,37.03749917,32.03999928,26.35249941,6.487499855,4.674999896,12.33249972,8.352499813,9.002499799,8.469999811,5.80749987,22.76749949,32.59249927,32.46999927,-99.98999777,-99.98999777,-99.98999777,51.01499886,81.21249818,48.45499892,74.06999834,-99.98999777,-99.98999777,-99.98999777,-99.98999777,65.75999853,24.69999945,20.31499955,37.19749917,14.36749968,20.76499954,30.39999932,58.76499869,81.15249819,19.04249957,23.64249947,2.637499941,23.09249948,44.962499,24.59249945,49.3749989,74.85999833,-99.98999777,-99.98999777,-99.98999777,63.49999858,27.73499938,10.95749976,23.21749948,37.88499915,50.57249887,41.62749907,34.70249922,31.02999931,44.31499901,25.86749942,25.44249943,25.04999944,107.1574976,91.90999795,50.16999888,5.79499987,6.767499849,5.80999987,10.09749977,19.72999956,16.80999962,11.69999974,5.80999987,145.1449968,103.1224977,18.20499959,9.469999788,4.277499904,4.00999991,4.777499893,7.392499835,5.589999875,5.682499873,9.539999787,22.1999995,27.51999938,16.96499962,28.39999937,8.829999803,18.0624996,16.49499963,23.45999948,24.78249945,21.44999952,14.26499968,14.89249967,13.4324997,12.75499971,13.78499969,14.94499967
32.52999927,27.37499939,21.61249952,11.26999975,18.89249958,17.27499961,14.09249969,18.34499959,21.17249953,19.84499956,21.07249953,10.45999977,12.01749973,15.38749966,9.38249979,10.69749976,13.91249969,18.19749959,17.9949996,24.11999946,42.20249906,35.44749921,32.26249928,35.6199992,34.80999922,35.14999921,31.03249931,27.74249938,25.24999944,27.07249939,36.10499919,51.95499884,68.67999846,52.92749882,50.58249887,33.98249924,22.3374995,30.16749933,19.35999957,18.24749959,31.1199993,41.50999907,39.74499911,14.83249967,29.87749933,49.61499889,62.8499986,79.87666488,40.3149991,33.68999925,5.919999868,4.134999908,18.29499959,28.10749937,12.02249973,17.7424996,22.4849995,2.233333283,2.989999933,-99.98999777,2.784999938,24.74249945,27.29249939,42.96249904,59.54666534,20.05499955,11.91499973,14.37499968,2.564999943,2.68999994,5.147499885,6.927499845,15.30499966,38.21249915,26.38499941,21.61999952,26.16499942,27.69999938,25.82499942,27.92999938,19.24999957,12.29999973,27.82999938,46.13999897,17.47499961,10.07749977,7.859999824,15.91749964,6.69999985,8.287499815,13.2999997,10.31499977,16.04249964,15.92749964,18.73249958,46.88249895,54.43749878,109.7524975,137.9799969,-99.98999777,-99.98999777,-99.98999777,31.4299993,140.7749969,149.9999966,75.68999831,52.99999882,149.9999966,41.20666575,37.78999916,16.26499964,9.354999791,13.02749971,8.279999815,42.70999905,67.37499849,24.43749945,36.31499919,25.60749943,16.38499963,16.12249964,40.0999991,86.48999807,72.25249839,73.81249835,45.32999899,-99.98999777,-99.98999777,-99.98999777,25.32499943,11.30249975,20.56749954,27.91999938,48.89999891,28.24499937,39.13499913,26.7924994,21.53999952,34.11749924,32.03499928,31.2999993,14.69249967,86.19249807,-99.98999777,28.30249937,8.119999819,8.669999806,8.217499816,6.989999844,8.749999804,10.89999976,18.43499959,17.62749961,47.63999894,149.9999966,49.45749889,8.987499799,4.687499895,4.134999908,6.959999844,6.379999857,8.117499819,8.51749981,10.12249977,7.462499833,6.912499845,14.76999967,14.75249967,20.10999955,17.47999961,14.90249967,16.63749963,19.72249956,20.10249955,20.59999954,19.37749957,21.51249952,19.71749956,16.86999962,22.5274995
41.30249908,34.69999922,19.62749956,16.31749964,13.2424997,10.94249976,17.53999961,24.56999945,22.08249951,25.24499944,27.96499937,21.42999952,28.87499935,21.74499951,16.66249963,12.06499973,3.977499911,8.767499804,11.00499975,19.54999956,41.7333324,46.53999896,52.34499883,36.39999919,33.57249925,33.03999926,27.08999939,39.49249912,40.1349991,32.04999928,56.48249874,37.00249917,55.30666543,23.98499946,18.13249959,24.92749944,32.11249928,35.8124992,27.94499938,18.68999958,38.59999914,51.47749885,12.04499973,8.812499803,21.11249953,110.8099975,116.1374974,127.2774972,86.95333139,93.51999791,50.21333221,70.87499842,60.54999865,19.20999957,22.02333284,50.83749886,59.52999867,28.65999936,24.93249944,37.27499917,13.77999969,23.70249947,55.03999877,57.03999873,90.46499798,63.86499857,37.58999916,15.59249965,10.34499977,3.303333259,7.847499825,21.98249951,25.37999943,28.92249935,19.06999957,20.95749953,27.14249939,31.4099993,20.14999955,51.56249885,36.14249919,18.0599996,23.84749947,27.95499938,28.42999936,23.61499947,13.6299997,12.35249972,11.76749974,9.807499781,18.99249958,11.28999975,14.33249968,9.584999786,19.3933329,14.14499968,26.04999942,45.95999897,41.81999907,35.54666587,49.2799989,28.98499935,29.31499934,9.499999788,20.79999954,49.1174989,83.28499814,100.4699978,8.257499815,19.49499956,7.469999833,11.58749974,7.127499841,13.2774997,102.2999977,71.66666506,46.56999896,52.66499882,32.25249928,14.74249967,88.02999803,138.1766636,119.3124973,116.8149974,99.11333112,-99.98999777,-99.98999777,-99.98999777,-99.98999777,7.403333168,9.002499799,13.96249969,36.27249919,41.41749907,24.48499945,35.06249922,32.30999928,73.40499836,52.60499882,36.76499918,21.44749952,37.36749916,102.3899977,102.5299977,45.58499898,12.14749973,20.93249953,7.999999821,11.46999974,12.37749972,10.15999977,14.55749967,11.95999973,9.372499791,9.602499785,81.29499818,41.88666573,37.10499917,45.04249899,22.3774995,16.30499964,10.32999977,18.0224996,12.63499972,7.804999826,9.069999797,7.007499843,10.82499976,13.5799997,12.05999973,13.01749971,14.06249969,18.62999958,24.27249946,28.12249937,23.73749947,24.27249946,27.57999938,22.99999949,24.29749946
38.03999915,34.15249924,36.98249917,37.70749916,10.71999976,11.23999975,22.07499951,29.42999934,-99.98999777,3.279999927,25.54999943,32.38499928,57.79249871,81.99249817,66.95333184,96.66666451,75.36999832,48.60749891,8.04999982,27.36999939,-99.98999777,-99.98999777,96.02999785,37.91666582,43.61499903,45.97999897,37.18749917,30.27749932,41.59999907,47.08749895,58.90499868,44.929999,76.58999829,-99.98999777,62.12499861,38.32333248,46.05499897,42.69249905,29.15249935,24.72499945,111.6366642,43.23749903,9.799999781,10.23499977,7.936666489,-99.98999777,66.12999852,80.6699982,29.56999934,25.88499942,38.38666581,46.3033323,35.37999921,58.0274987,31.82499929,24.91499944,18.53749959,-99.98999777,-99.98999777,9.344999791,12.38999972,13.78999969,25.58749943,41.17333241,2.319999948,81.42499818,65.87249853,49.84499889,16.57999963,17.36499961,-99.98999777,15.18499966,9.743333116,6.902499846,9.184999795,23.47999948,32.09499928,44.07749901,38.78999913,37.52249916,46.25749897,37.67249916,-99.98999777,45.62999898,35.38499921,28.28249937,30.66749931,21.78749951,17.38999961,18.35499959,12.99499971,24.89499944,33.17499926,26.38999941,-99.98999777,59.84999866,58.0749987,60.04499866,40.90499909,32.87999927,27.19499939,20.90249953,23.69499947,20.59749954,15.01499966,40.3099991,49.69999889,-99.98999777,7.484999833,11.84999974,9.509999787,10.50749977,14.96749967,21.0066662,-99.98999777,-99.98999777,149.9999966,147.5599967,97.85999781,-99.98999777,122.7299973,149.9999966,139.8599969,149.9999966,-99.98999777,-99.98999777,-99.98999777,10.95999976,2.492499944,7.894999824,19.85499956,16.33999963,-99.98999777,33.81499924,20.73999954,28.91249935,31.1999993,140.2899969,60.53749865,25.39749943,76.40249829,109.4766642,149.9999966,-99.98999777,-99.98999777,6.089999864,14.11333302,9.872499779,5.81749987,10.92249976,11.34999975,12.74249972,10.77999976,7.914999823,22.07249951,17.23749961,-99.98999777,80.7499982,34.81999922,85.62999809,48.45999892,44.747499,84.34749811,73.40999836,33.91499924,40.53249909,53.21749881,44.817499,37.74499916,-99.98999777,21.29499952,31.35666597,27.62249938,31.1224993,29.26249935,30.44499932,25.61749943,23.03749949,33.51249925,26.31249941
28.15999937,39.46999912,32.63999927,37.82749915,74.35999834,59.43999867,29.64249934,3.239999928,-99.98999777,-99.98999777,-99.98999777,-99.98999777,13.5199997,23.82499947,1.279999971,44.15999901,108.1474976,149.9999966,92.01999794,52.94249882,-99.98999777,-99.98999777,-99.98999777,-99.98999777,-99.98999777,80.01999821,19.66499956,63.14499859,62.5949986,57.52499871,106.7199976,84.21749812,81.08999819,-99.98999777,-99.98999777,-99.98999777,-99.98999777,33.49999925,53.36499881,74.79499833,60.16999866,53.11999881,25.69499943,13.97499969,29.26499935,-99.98999777,-99.98999777,-99.98999777,-99.98999777,13.03999971,35.21499921,41.25499908,108.8549976,33.26666592,30.58249932,24.77999945,27.97249937,-99.98999777,-99.98999777,-99.98999777,-99.98999777,-99.98999777,31.85999929,10.53999976,74.03999835,40.0549991,120.9474973,84.50249811,49.59999889,10.81999976,-99.98999777,-99.98999777,-99.98999777,-99.98999777,12.51999972,42.58499905,46.25249897,52.49499883,44.639999,40.4874991,42.17249906,44.13499901,-99.98999777,-99.98999777,-99.98999777,-99.98999777,45.82999898,12.29999973,22.2499995,42.85666571,63.44333192,72.62666504,36.65999918,54.13666546,-99.98999777,-99.98999777,-99.98999777,-99.98999777,-99.98999777,30.54499932,41.28999908,37.00499917,47.07749895,79.66499822,91.26999796,75.24499832,130.1099971,-99.98999777,-99.98999777,-99.98999777,-99.98999777,13.3899997,8.559999809,8.777499804,-99.98999777,-99.98999777,-99.98999777,-99.98999777,-99.98999777,-99.98999777,-99.98999777,-99.98999777,-99.98999777,-99.98999777,-99.98999777,-99.98999777,1.309999971,1.707499962,3.502499922,24.06249946,32.63749927,6.799999848,-99.98999777,-99.98999777,-99.98999777,-99.98999777,85.67999808,120.2249973,119.516664,102.5849977,149.9999966,149.9999966,-99.98999777,110.4799975,-99.98999777,-99.98999777,-99.98999777,-99.98999777,13.2999997,15.18999966,11.40333308,10.93999976,14.99999966,13.84749969,63.50249858,94.76249788,-99.98999777,-99.98999777,-99.98999777,-99.98999777,-99.98999777,-99.98999777,-99.98999777,149.9999966,66.72333184,32.00749928,23.02749949,22.4999995,32.92999926,-99.98999777,-99.98999777,-99.98999777,-99.98999777,49.50499889,32.53333261,45.90999897,54.41249878,52.28249883,25.16249944,31.63499929
-99.98999777,-99.98999777,-99.98999777,-99.98999777,-99.98999777,30.68999931,16.74499963,33.83999924,-99.98999777,-99.98999777,-99.98999777,-99.98999777,-99.98999777,-99.98999777,-99.98999777,-99.98999777,-99.98999777,-99.98999777,58.97999868,144.1749968,-99.98999777,-99.98999777,-99.98999777,-99.98999777,-99.98999777,-99.98999777,-99.98999777,-99.98999777,-99.98999777,-99.98999777,132.399997,32.09999928,49.3699989,-99.98999777,-99.98999777,-99.98999777,-99.98999777,-99.98999777,-99.98999777,-99.98999777,-99.98999777,-99.98999777,-99.98999777,47.31499894,17.61999961,-99.98999777,-99.98999777,-99.98999777,-99.98999777,-99.98999777,-99.98999777,-99.98999777,-99.98999777,-99.98999777,33.39999925,11.51999974,2.409999946,-99.98999777,-99.98999777,-99.98999777,-99.98999777,-99.98999777,-99.98999777,-99.98999777,-99.98999777,-99.98999777,149.9999966,75.55999831,36.40999919,0.949999979,-99.98999777,-99.98999777,-99.98999777,-99.98999777,-99.98999777,-99.98999777,-99.98999777,-99.98999777,-99.98999777,45.79999898,51.52499885,56.15999874,-99.98999777,-99.98999777,-99.98999777,-99.98999777,-99.98999777,-99.98999777,-99.98999777,-99.98999777,-99.98999777,15.51999965,28.98499935,79.62999822,-99.98999777,-99.98999777,-99.98999777,-99.98999777,-99.98999777,-99.98999777,-99.98999777,-99.98999777,-99.98999777,-99.98999777,100.4949978,-99.98999777,-99.98999777,-99.98999777,-99.98999777,-99.98999777,-99.98999777,-99.98999777,-99.98999777,-99.98999777,-99.98999777,-99.98999777,-99.98999777,-99.98999777,-99.98999777,-99.98999777,-99.98999777,-99.98999777,-99.98999777,-99.98999777,-99.98999777,-99.98999777,-99.98999777,-99.98999777,10.47499977,57.21499872,31.1649993,10.97999975,-99.98999777,-99.98999777,-99.98999777,-99.98999777,-99.98999777,-99.98999777,-99.98999777,-99.98999777,-99.98999777,-99.98999777,-99.98999777,149.9999966,-99.98999777,-99.98999777,-99.98999777,-99.98999777,-99.98999777,-99.98999777,-99.98999777,-99.98999777,6.69999985,28.81999936,3.999999911,149.9999966,-99.98999777,-99.98999777,-99.98999777,-99.98999777,-99.98999777,-99.98999777,-99.98999777,-99.98999777,-99.98999777,64.80499855,62.7699986,47.59499894,103.5399977,-99.98999777,-99.98999777,-99.98999777,-99.98999777,-99.98999777,-99.98999777,-99.98999777,-99.98999777,36.82499918,68.10499848,117.7349974
-99.98999777,-99.98999777,-99.98999777,-99.98999777,-99.98999777,-99.98999777,-99.98999777,-99.98999777,-99.98999777,-99.98999777,-99.98999777,-99.98999777,-99.98999777,-99.98999777,-99.98999777,-99.98999777,-99.98999777,-99.98999777,-99.98999777,-99.98999777,-99.98999777,-99.98999777,-99.98999777,-99.98999777,-99.98999777,-99.98999777,-99.98999777,-99.98999777,-99.98999777,-99.98999777,-99.98999777,-99.98999777,-99.98999777,-99.98999777,-99.98999777,-99.98999777,-99.98999777,-99.98999777,-99.98999777,-99.98999777,-99.98999777,-99.98999777,-99.98999777,-99.98999777,-99.98999777,-99.98999777,-99.98999777,-99.98999777,-99.98999777,-99.98999777,-99.98999777,-99.98999777,-99.98999777,-99.98999777,-99.98999777,-99.98999777,-99.98999777,-99.98999777,-99.98999777,-99.98999777,-99.98999777,-99.98999777,-99.98999777,-99.98999777,-99.98999777,-99.98999777,-99.98999777,-99.98999777,-99.98999777,-99.98999777,-99.98999777,-99.98999777,-99.98999777,-99.98999777,-99.98999777,-99.98999777,-99.98999777,-99.98999777,-99.98999777,-99.98999777,-99.98999777,-99.98999777,-99.98999777,-99.98999777,-99.98999777,-99.98999777,-99.98999777,-99.98999777,-99.98999777,-99.98999777,-99.98999777,-99.98999777,-99.98999777,-99.98999777,-99.98999777,-99.98999777,-99.98999777,-99.98999777,-99.98999777,-99.98999777,-99.98999777,-99.98999777,-99.98999777,-99.98999777,-99.98999777,-99.98999777,-99.98999777,-99.98999777,-99.98999777,-99.98999777,-99.98999777,-99.98999777,-99.98999777,-99.98999777,-99.98999777,-99.98999777,-99.98999777,-99.98999777,-99.98999777,-99.98999777,-99.98999777,-99.98999777,-99.98999777,-99.98999777,-99.98999777,-99.98999777,-99.98999777,-99.98999777,-99.98999777,-99.98999777,-99.98999777,-99.98999777,-99.98999777,-99.98999777,-99.98999777,-99.98999777,-99.98999777,-99.98999777,-99.98999777,-99.98999777,-99.98999777,-99.98999777,-99.98999777,-99.98999777,-99.98999777,-99.98999777,-99.98999777,-99.98999777,-99.98999777,-99.98999777,-99.98999777,-99.98999777,-99.98999777,-99.98999777,-99.98999777,-99.98999777,-99.98999777,-99.98999777,-99.98999777,-99.98999777,-99.98999777,-99.98999777,-99.98999777,-99.98999777,-99.98999777,-99.98999777,-99.98999777,-99.98999777,-99.98999777,-99.98999777,-99.98999777,-99.98999777,-99.98999777,-99.98999777,-99.98999777,-99.98999777,-99.98999777,-99.98999777,-99.98999777,-99.98999777
-99.98999777,-99.98999777,-99.98999777,-99.98999777,-99.98999777,-99.98999777,-99.98999777,-99.98999777,-99.98999777,-99.98999777,-99.98999777,-99.98999777,-99.98999777,-99.98999777,-99.98999777,-99.98999777,-99.98999777,-99.98999777,-99.98999777,-99.98999777,-99.98999777,-99.98999777,-99.98999777,-99.98999777,-99.98999777,-99.98999777,-99.98999777,-99.98999777,-99.98999777,-99.98999777,-99.98999777,-99.98999777,-99.98999777,-99.98999777,-99.98999777,-99.98999777,-99.98999777,-99.98999777,-99.98999777,-99.98999777,-99.98999777,-99.98999777,-99.98999777,-99.98999777,-99.98999777,-99.98999777,-99.98999777,-99.98999777,-99.98999777,-99.98999777,-99.98999777,-99.98999777,-99.98999777,-99.98999777,-99.98999777,-99.98999777,-99.98999777,-99.98999777,-99.98999777,-99.98999777,-99.98999777,-99.98999777,-99.98999777,-99.98999777,-99.98999777,-99.98999777,-99.98999777,-99.98999777,-99.98999777,-99.98999777,-99.98999777,-99.98999777,-99.98999777,-99.98999777,-99.98999777,-99.98999777,-99.98999777,-99.98999777,-99.98999777,-99.98999777,-99.98999777,-99.98999777,-99.98999777,-99.98999777,-99.98999777,-99.98999777,-99.98999777,-99.98999777,-99.98999777,-99.98999777,-99.98999777,-99.98999777,-99.98999777,-99.98999777,-99.98999777,-99.98999777,-99.98999777,-99.98999777,-99.98999777,-99.98999777,-99.98999777,-99.98999777,-99.98999777,-99.98999777,-99.98999777,-99.98999777,-99.98999777,-99.98999777,-99.98999777,-99.98999777,-99.98999777,-99.98999777,-99.98999777,-99.98999777,-99.98999777,-99.98999777,-99.98999777,-99.98999777,-99.98999777,-99.98999777,-99.98999777,-99.98999777,-99.98999777,-99.98999777,-99.98999777,-99.98999777,-99.98999777,-99.98999777,-99.98999777,-99.98999777,-99.98999777,-99.98999777,-99.98999777,-99.98999777,-99.98999777,-99.98999777,-99.98999777,-99.98999777,-99.98999777,-99.98999777,-99.98999777,-99.98999777,-99.98999777,-99.98999777,-99.98999777,-99.98999777,-99.98999777,-99.98999777,-99.98999777,-99.98999777,-99.98999777,-99.98999777,-99.98999777,-99.98999777,-99.98999777,-99.98999777,-99.98999777,-99.98999777,-99.98999777,-99.98999777,-99.98999777,-99.98999777,-99.98999777,-99.98999777,-99.98999777,-99.98999777,-99.98999777,-99.98999777,-99.98999777,-99.98999777,-99.98999777,-99.98999777,-99.98999777,-99.98999777,-99.98999777,-99.98999777,-99.98999777,-99.98999777,-99.98999777,-99.98999777
-99.98999777,-99.98999777,-99.98999777,-99.98999777,-99.98999777,-99.98999777,-99.98999777,-99.98999777,-99.98999777,-99.98999777,-99.98999777,-99.98999777,-99.98999777,-99.98999777,-99.98999777,-99.98999777,-99.98999777,-99.98999777,-99.98999777,-99.98999777,-99.98999777,-99.98999777,-99.98999777,-99.98999777,-99.98999777,-99.98999777,-99.98999777,-99.98999777,-99.98999777,-99.98999777,-99.98999777,-99.98999777,-99.98999777,-99.98999777,-99.98999777,-99.98999777,-99.98999777,-99.98999777,-99.98999777,-99.98999777,-99.98999777,-99.98999777,-99.98999777,-99.98999777,-99.98999777,-99.98999777,-99.98999777,-99.98999777,-99.98999777,-99.98999777,-99.98999777,-99.98999777,-99.98999777,-99.98999777,-99.98999777,-99.98999777,-99.98999777,-99.98999777,-99.98999777,-99.98999777,-99.98999777,-99.98999777,-99.98999777,-99.98999777,-99.98999777,-99.98999777,-99.98999777,-99.98999777,-99.98999777,-99.98999777,-99.98999777,-99.98999777,-99.98999777,-99.98999777,-99.98999777,-99.98999777,-99.98999777,-99.98999777,-99.98999777,-99.98999777,-99.98999777,-99.98999777,-99.98999777,-99.98999777,-99.98999777,-99.98999777,-99.98999777,-99.98999777,-99.98999777,-99.98999777,-99.98999777,-99.98999777,-99.98999777,-99.98999777,-99.98999777,-99.98999777,-99.98999777,-99.98999777,-99.98999777,-99.98999777,-99.98999777,-99.98999777,-99.98999777,-99.98999777,-99.98999777,-99.98999777,-99.98999777,-99.98999777,-99.98999777,-99.98999777,-99.98999777,-99.98999777,-99.98999777,-99.98999777,-99.98999777,-99.98999777,-99.98999777,-99.98999777,-99.98999777,-99.98999777,-99.98999777,-99.98999777,-99.98999777,-99.98999777,-99.98999777,-99.98999777,-99.98999777,-99.98999777,-99.98999777,-99.98999777,-99.98999777,-99.98999777,-99.98999777,-99.98999777,-99.98999777,-99.98999777,-99.98999777,-99.98999777,-99.98999777,-99.98999777,-99.98999777,-99.98999777,-99.98999777,-99.98999777,-99.98999777,-99.98999777,-99.98999777,-99.98999777,-99.98999777,-99.98999777,-99.98999777,-99.98999777,-99.98999777,-99.98999777,-99.98999777,-99.98999777,-99.98999777,-99.98999777,-99.98999777,-99.98999777,-99.98999777,-99.98999777,-99.98999777,-99.98999777,-99.98999777,-99.98999777,-99.98999777,-99.98999777,-99.98999777,-99.98999777,-99.98999777,-99.98999777,-99.98999777,-99.98999777,-99.98999777,-99.98999777,-99.98999777,-99.98999777,-99.98999777,-99.98999777
-99.98999777,-99.98999777,-99.98999777,-99.98999777,-99.98999777,-99.98999777,-99.98999777,-99.98999777,-99.98999777,-99.98999777,-99.98999777,-99.98999777,-99.98999777,-99.98999777,-99.98999777,-99.98999777,-99.98999777,-99.98999777,-99.98999777,-99.98999777,-99.98999777,-99.98999777,-99.98999777,-99.98999777,-99.98999777,-99.98999777,-99.98999777,-99.98999777,-99.98999777,-99.98999777,-99.98999777,-99.98999777,-99.98999777,-99.98999777,-99.98999777,-99.98999777,-99.98999777,-99.98999777,-99.98999777,-99.98999777,-99.98999777,-99.98999777,-99.98999777,-99.98999777,-99.98999777,-99.98999777,-99.98999777,-99.98999777,-99.98999777,-99.98999777,-99.98999777,-99.98999777,-99.98999777,-99.98999777,-99.98999777,-99.98999777,-99.98999777,-99.98999777,-99.98999777,-99.98999777,-99.98999777,-99.98999777,-99.98999777,-99.98999777,-99.98999777,-99.98999777,-99.98999777,-99.98999777,-99.98999777,-99.98999777,-99.98999777,-99.98999777,-99.98999777,-99.98999777,-99.98999777,-99.98999777,-99.98999777,-99.98999777,-99.98999777,-99.98999777,-99.98999777,-99.98999777,-99.98999777,-99.98999777,-99.98999777,-99.98999777,-99.98999777,-99.98999777,-99.98999777,-99.98999777,-99.98999777,-99.98999777,-99.98999777,-99.98999777,-99.98999777,-99.98999777,-99.98999777,-99.98999777,-99.98999777,-99.98999777,-99.98999777,-99.98999777,-99.98999777,-99.98999777,-99.98999777,-99.98999777,-99.98999777,-99.98999777,-99.98999777,-99.98999777,-99.98999777,-99.98999777,-99.98999777,-99.98999777,-99.98999777,-99.98999777,-99.98999777,-99.98999777,-99.98999777,-99.98999777,-99.98999777,-99.98999777,-99.98999777,-99.98999777,-99.98999777,-99.98999777,-99.98999777,-99.98999777,-99.98999777,-99.98999777,-99.98999777,-99.98999777,-99.98999777,-99.98999777,-99.98999777,-99.98999777,-99.98999777,-99.98999777,-99.98999777,-99.98999777,-99.98999777,-99.98999777,-99.98999777,-99.98999777,-99.98999777,-99.98999777,-99.98999777,-99.98999777,-99.98999777,-99.98999777,-99.98999777,-99.98999777,-99.98999777,-99.98999777,-99.98999777,-99.98999777,-99.98999777,-99.98999777,-99.98999777,-99.98999777,-99.98999777,-99.98999777,-99.98999777,-99.98999777,-99.98999777,-99.98999777,-99.98999777,-99.98999777,-99.98999777,-99.98999777,-99.98999777,-99.98999777,-99.98999777,-99.98999777,-99.98999777,-99.98999777,-99.98999777,-99.98999777,-99.98999777,-99.98999777
-99.98999777,-99.98999777,-99.98999777,-99.98999777,-99.98999777,-99.98999777,-99.98999777,-99.98999777,-99.98999777,-99.98999777,-99.98999777,-99.98999777,-99.98999777,-99.98999777,-99.98999777,-99.98999777,-99.98999777,-99.98999777,-99.98999777,-99.98999777,-99.98999777,-99.98999777,-99.98999777,-99.98999777,-99.98999777,-99.98999777,-99.98999777,-99.98999777,-99.98999777,-99.98999777,-99.98999777,-99.98999777,-99.98999777,-99.98999777,-99.98999777,-99.98999777,-99.98999777,-99.98999777,-99.98999777,-99.98999777,-99.98999777,-99.98999777,-99.98999777,-99.98999777,-99.98999777,-99.98999777,-99.98999777,-99.98999777,-99.98999777,-99.98999777,-99.98999777,-99.98999777,-99.98999777,-99.98999777,-99.98999777,-99.98999777,-99.98999777,-99.98999777,-99.98999777,-99.98999777,-99.98999777,-99.98999777,-99.98999777,-99.98999777,-99.98999777,-99.98999777,-99.98999777,-99.98999777,-99.98999777,-99.98999777,-99.98999777,-99.98999777,-99.98999777,-99.98999777,-99.98999777,-99.98999777,-99.98999777,-99.98999777,-99.98999777,-99.98999777,-99.98999777,-99.98999777,-99.98999777,-99.98999777,-99.98999777,-99.98999777,-99.98999777,-99.98999777,-99.98999777,-99.98999777,-99.98999777,-99.98999777,-99.98999777,-99.98999777,-99.98999777,-99.98999777,-99.98999777,-99.98999777,-99.98999777,-99.98999777,-99.98999777,-99.98999777,-99.98999777,-99.98999777,-99.98999777,-99.98999777,-99.98999777,-99.98999777,-99.98999777,-99.98999777,-99.98999777,-99.98999777,-99.98999777,-99.98999777,-99.98999777,-99.98999777,-99.98999777,-99.98999777,-99.98999777,-99.98999777,-99.98999777,-99.98999777,-99.98999777,-99.98999777,-99.98999777,-99.98999777,-99.98999777,-99.98999777,-99.98999777,-99.98999777,-99.98999777,-99.98999777,-99.98999777,-99.98999777,-99.98999777,-99.98999777,-99.98999777,-99.98999777,-99.98999777,-99.98999777,-99.98999777,-99.98999777,-99.98999777,-99.98999777,-99.98999777,-99.98999777,-99.98999777,-99.98999777,-99.98999777,-99.98999777,-99.98999777,-99.98999777,-99.98999777,-99.98999777,-99.98999777,-99.98999777,-99.98999777,-99.98999777,-99.98999777,-99.98999777,-99.98999777,-99.98999777,-99.98999777,-99.98999777,-99.98999777,-99.98999777,-99.98999777,-99.98999777,-99.98999777,-99.98999777,-99.98999777,-99.98999777,-99.98999777,-99.98999777,-99.98999777,-99.98999777,-99.98999777,-99.98999777,-99.98999777,-99.98999777
-99.98999777,-99.98999777,-99.98999777,-99.98999777,-99.98999777,-99.98999777,-99.98999777,-99.98999777,-99.98999777,-99.98999777,-99.98999777,-99.98999777,-99.98999777,-99.98999777,-99.98999777,-99.98999777,-99.98999777,-99.98999777,-99.98999777,-99.98999777,-99.98999777,-99.98999777,-99.98999777,-99.98999777,-99.98999777,-99.98999777,-99.98999777,-99.98999777,-99.98999777,-99.98999777,-99.98999777,-99.98999777,-99.98999777,-99.98999777,-99.98999777,-99.98999777,-99.98999777,-99.98999777,-99.98999777,-99.98999777,-99.98999777,-99.98999777,-99.98999777,-99.98999777,-99.98999777,-99.98999777,-99.98999777,-99.98999777,-99.98999777,-99.98999777,-99.98999777,-99.98999777,-99.98999777,-99.98999777,-99.98999777,-99.98999777,-99.98999777,-99.98999777,-99.98999777,-99.98999777,-99.98999777,-99.98999777,-99.98999777,-99.98999777,-99.98999777,-99.98999777,-99.98999777,-99.98999777,-99.98999777,-99.98999777,-99.98999777,-99.98999777,-99.98999777,-99.98999777,-99.98999777,-99.98999777,-99.98999777,-99.98999777,-99.98999777,-99.98999777,-99.98999777,-99.98999777,-99.98999777,-99.98999777,-99.98999777,-99.98999777,-99.98999777,-99.98999777,-99.98999777,-99.98999777,-99.98999777,-99.98999777,-99.98999777,-99.98999777,-99.98999777,-99.98999777,-99.98999777,-99.98999777,-99.98999777,-99.98999777,-99.98999777,-99.98999777,-99.98999777,-99.98999777,-99.98999777,-99.98999777,-99.98999777,-99.98999777,-99.98999777,-99.98999777,-99.98999777,-99.98999777,-99.98999777,-99.98999777,-99.98999777,-99.98999777,-99.98999777,-99.98999777,-99.98999777,-99.98999777,-99.98999777,-99.98999777,-99.98999777,-99.98999777,-99.98999777,-99.98999777,-99.98999777,-99.98999777,-99.98999777,-99.98999777,-99.98999777,-99.98999777,-99.98999777,-99.98999777,-99.98999777,-99.98999777,-99.98999777,-99.98999777,-99.98999777,-99.98999777,-99.98999777,-99.98999777,-99.98999777,-99.98999777,-99.98999777,-99.98999777,-99.98999777,-99.98999777,-99.98999777,-99.98999777,-99.98999777,-99.98999777,-99.98999777,-99.98999777,-99.98999777,-99.98999777,-99.98999777,-99.98999777,-99.98999777,-99.98999777,-99.98999777,-99.98999777,-99.98999777,-99.98999777,-99.98999777,-99.98999777,-99.98999777,-99.98999777,-99.98999777,-99.98999777,-99.98999777,-99.98999777,-99.98999777,-99.98999777,-99.98999777,-99.98999777,-99.98999777,-99.98999777,-99.98999777,-99.98999777
-99.98999777,-99.98999777,-99.98999777,-99.98999777,-99.98999777,-99.98999777,-99.98999777,-99.98999777,-99.98999777,-99.98999777,-99.98999777,-99.98999777,-99.98999777,-99.98999777,-99.98999777,-99.98999777,-99.98999777,-99.98999777,-99.98999777,-99.98999777,-99.98999777,-99.98999777,-99.98999777,-99.98999777,-99.98999777,-99.98999777,-99.98999777,-99.98999777,-99.98999777,-99.98999777,-99.98999777,-99.98999777,-99.98999777,-99.98999777,-99.98999777,-99.98999777,-99.98999777,-99.98999777,-99.98999777,-99.98999777,-99.98999777,-99.98999777,-99.98999777,-99.98999777,-99.98999777,-99.98999777,-99.98999777,-99.98999777,-99.98999777,-99.98999777,-99.98999777,-99.98999777,-99.98999777,-99.98999777,-99.98999777,-99.98999777,-99.98999777,-99.98999777,-99.98999777,-99.98999777,-99.98999777,-99.98999777,-99.98999777,-99.98999777,-99.98999777,-99.98999777,-99.98999777,-99.98999777,-99.98999777,-99.98999777,-99.98999777,-99.98999777,-99.98999777,-99.98999777,-99.98999777,-99.98999777,-99.98999777,-99.98999777,-99.98999777,-99.98999777,-99.98999777,-99.98999777,-99.98999777,-99.98999777,-99.98999777,-99.98999777,-99.98999777,-99.98999777,-99.98999777,-99.98999777,-99.98999777,-99.98999777,-99.98999777,-99.98999777,-99.98999777,-99.98999777,-99.98999777,-99.98999777,-99.98999777,-99.98999777,-99.98999777,-99.98999777,-99.98999777,-99.98999777,-99.98999777,-99.98999777,-99.98999777,-99.98999777,-99.98999777,-99.98999777,-99.98999777,-99.98999777,-99.98999777,-99.98999777,-99.98999777,-99.98999777,-99.98999777,-99.98999777,-99.98999777,-99.98999777,-99.98999777,-99.98999777,-99.98999777,-99.98999777,-99.98999777,-99.98999777,-99.98999777,-99.98999777,-99.98999777,-99.98999777,-99.98999777,-99.98999777,-99.98999777,-99.98999777,-99.98999777,-99.98999777,-99.98999777,-99.98999777,-99.98999777,-99.98999777,-99.98999777,-99.98999777,-99.98999777,-99.98999777,-99.98999777,-99.98999777,-99.98999777,-99.98999777,-99.98999777,-99.98999777,-99.98999777,-99.98999777,-99.98999777,-99.98999777,-99.98999777,-99.98999777,-99.98999777,-99.98999777,-99.98999777,-99.98999777,-99.98999777,-99.98999777,-99.98999777,-99.98999777,-99.98999777,-99.98999777,-99.98999777,-99.98999777,-99.98999777,-99.98999777,-99.98999777,-99.98999777,-99.98999777,-99.98999777,-99.98999777,-99.98999777,-99.98999777,-99.98999777,-99.98999777,-99.98999777
-99.98999777,-99.98999777,-99.98999777,-99.98999777,-99.98999777,-99.98999777,-99.98999777,-99.98999777,-99.98999777,-99.98999777,-99.98999777,-99.98999777,-99.98999777,-99.98999777,-99.98999777,-99.98999777,-99.98999777,-99.98999777,-99.98999777,-99.98999777,-99.98999777,-99.98999777,-99.98999777,-99.98999777,-99.98999777,-99.98999777,-99.98999777,-99.98999777,-99.98999777,-99.98999777,-99.98999777,-99.98999777,-99.98999777,-99.98999777,-99.98999777,-99.98999777,-99.98999777,-99.98999777,-99.98999777,-99.98999777,-99.98999777,-99.98999777,-99.98999777,-99.98999777,-99.98999777,-99.98999777,-99.98999777,-99.98999777,-99.98999777,-99.98999777,-99.98999777,-99.98999777,-99.98999777,-99.98999777,-99.98999777,-99.98999777,-99.98999777,-99.98999777,-99.98999777,-99.98999777,-99.98999777,-99.98999777,-99.98999777,-99.98999777,-99.98999777,-99.98999777,-99.98999777,-99.98999777,-99.98999777,-99.98999777,-99.98999777,-99.98999777,-99.98999777,-99.98999777,-99.98999777,-99.98999777,-99.98999777,-99.98999777,-99.98999777,-99.98999777,-99.98999777,-99.98999777,-99.98999777,-99.98999777,-99.98999777,-99.98999777,-99.98999777,-99.98999777,-99.98999777,-99.98999777,-99.98999777,-99.98999777,-99.98999777,-99.98999777,-99.98999777,-99.98999777,-99.98999777,-99.98999777,-99.98999777,-99.98999777,-99.98999777,-99.98999777,-99.98999777,-99.98999777,-99.98999777,-99.98999777,-99.98999777,-99.98999777,-99.98999777,-99.98999777,-99.98999777,-99.98999777,-99.98999777,-99.98999777,-99.98999777,-99.98999777,-99.98999777,-99.98999777,-99.98999777,-99.98999777,-99.98999777,-99.98999777,-99.98999777,-99.98999777,-99.98999777,-99.98999777,-99.98999777,-99.98999777,-99.98999777,-99.98999777,-99.98999777,-99.98999777,-99.98999777,-99.98999777,-99.98999777,-99.98999777,-99.98999777,-99.98999777,-99.98999777,-99.98999777,-99.98999777,-99.98999777,-99.98999777,-99.98999777,-99.98999777,-99.98999777,-99.98999777,-99.98999777,-99.98999777,-99.98999777,-99.98999777,-99.98999777,-99.98999777,-99.98999777,-99.98999777,-99.98999777,-99.98999777,-99.98999777,-99.98999777,-99.98999777,-99.98999777,-99.98999777,-99.98999777,-99.98999777,-99.98999777,-99.98999777,-99.98999777,-99.98999777,-99.98999777,-99.98999777,-99.98999777,-99.98999777,-99.98999777,-99.98999777,-99.98999777,-99.98999777,-99.98999777,-99.98999777,-99.98999777,-99.98999777
-99.98999777,-99.98999777,-99.98999777,-99.98999777,-99.98999777,-99.98999777,-99.98999777,-99.98999777,-99.98999777,-99.98999777,-99.98999777,-99.98999777,-99.98999777,-99.98999777,-99.98999777,-99.98999777,-99.98999777,-99.98999777,-99.98999777,-99.98999777,-99.98999777,-99.98999777,-99.98999777,-99.98999777,-99.98999777,-99.98999777,-99.98999777,-99.98999777,-99.98999777,-99.98999777,-99.98999777,-99.98999777,-99.98999777,-99.98999777,-99.98999777,-99.98999777,-99.98999777,-99.98999777,-99.98999777,-99.98999777,-99.98999777,-99.98999777,-99.98999777,-99.98999777,-99.98999777,-99.98999777,-99.98999777,-99.98999777,-99.98999777,-99.98999777,-99.98999777,-99.98999777,-99.98999777,-99.98999777,-99.98999777,-99.98999777,-99.98999777,-99.98999777,-99.98999777,-99.98999777,-99.98999777,-99.98999777,-99.98999777,-99.98999777,-99.98999777,-99.98999777,-99.98999777,-99.98999777,-99.98999777,-99.98999777,-99.98999777,-99.98999777,-99.98999777,-99.98999777,-99.98999777,-99.98999777,-99.98999777,-99.98999777,-99.98999777,-99.98999777,-99.98999777,-99.98999777,-99.98999777,-99.98999777,-99.98999777,-99.98999777,-99.98999777,-99.98999777,-99.98999777,-99.98999777,-99.98999777,-99.98999777,-99.98999777,-99.98999777,-99.98999777,-99.98999777,-99.98999777,-99.98999777,-99.98999777,-99.98999777,-99.98999777,-99.98999777,-99.98999777,-99.98999777,-99.98999777,-99.98999777,-99.98999777,-99.98999777,-99.98999777,-99.98999777,-99.98999777,-99.98999777,-99.98999777,-99.98999777,-99.98999777,-99.98999777,-99.98999777,-99.98999777,-99.98999777,-99.98999777,-99.98999777,-99.98999777,-99.98999777,-99.98999777,-99.98999777,-99.98999777,-99.98999777,-99.98999777,-99.98999777,-99.98999777,-99.98999777,-99.98999777,-99.98999777,-99.98999777,-99.98999777,-99.98999777,-99.98999777,-99.98999777,-99.98999777,-99.98999777,-99.98999777,-99.98999777,-99.98999777,-99.98999777,-99.98999777,-99.98999777,-99.98999777,-99.98999777,-99.98999777,-99.98999777,-99.98999777,-99.98999777,-99.98999777,-99.98999777,-99.98999777,-99.98999777,-99.98999777,-99.98999777,-99.98999777,-99.98999777,-99.98999777,-99.98999777,-99.98999777,-99.98999777,-99.98999777,-99.98999777,-99.98999777,-99.98999777,-99.98999777,-99.98999777,-99.98999777,-99.98999777,-99.98999777,-99.98999777,-99.98999777,-99.98999777,-99.98999777,-99.98999777,-99.98999777,-99.98999777
-99.98999777,-99.98999777,-99.98999777,-99.98999777,-99.98999777,-99.98999777,-99.98999777,-99.98999777,-99.98999777,-99.98999777,-99.98999777,-99.98999777,-99.98999777,-99.98999777,-99.98999777,-99.98999777,-99.98999777,-99.98999777,-99.98999777,-99.98999777,-99.98999777,-99.98999777,-99.98999777,-99.98999777,-99.98999777,-99.98999777,-99.98999777,-99.98999777,-99.98999777,-99.98999777,-99.98999777,-99.98999777,-99.98999777,-99.98999777,-99.98999777,-99.98999777,-99.98999777,-99.98999777,-99.98999777,-99.98999777,-99.98999777,-99.98999777,-99.98999777,-99.98999777,-99.98999777,-99.98999777,-99.98999777,-99.98999777,-99.98999777,-99.98999777,-99.98999777,-99.98999777,-99.98999777,-99.98999777,-99.98999777,-99.98999777,-99.98999777,-99.98999777,-99.98999777,-99.98999777,-99.98999777,-99.98999777,-99.98999777,-99.98999777,-99.98999777,-99.98999777,-99.98999777,-99.98999777,-99.98999777,-99.98999777,-99.98999777,-99.98999777,-99.98999777,-99.98999777,-99.98999777,-99.98999777,-99.98999777,-99.98999777,-99.98999777,-99.98999777,-99.98999777,-99.98999777,-99.98999777,-99.98999777,-99.98999777,-99.98999777,-99.98999777,-99.98999777,-99.98999777,-99.98999777,-99.98999777,-99.98999777,-99.98999777,-99.98999777,-99.98999777,-99.98999777,-99.98999777,-99.98999777,-99.98999777,-99.98999777,-99.98999777,-99.98999777,-99.98999777,-99.98999777,-99.98999777,-99.98999777,-99.98999777,-99.98999777,-99.98999777,-99.98999777,-99.98999777,-99.98999777,-99.98999777,-99.98999777,-99.98999777,-99.98999777,-99.98999777,-99.98999777,-99.98999777,-99.98999777,-99.98999777,-99.98999777,-99.98999777,-99.98999777,-99.98999777,-99.98999777,-99.98999777,-99.98999777,-99.98999777,-99.98999777,-99.98999777,-99.98999777,-99.98999777,-99.98999777,-99.98999777,-99.98999777,-99.98999777,-99.98999777,-99.98999777,-99.98999777,-99.98999777,-99.98999777,-99.98999777,-99.98999777,-99.98999777,-99.98999777,-99.98999777,-99.98999777,-99.98999777,-99.98999777,-99.98999777,-99.98999777,-99.98999777,-99.98999777,-99.98999777,-99.98999777,-99.98999777,-99.98999777,-99.98999777,-99.98999777,-99.98999777,-99.98999777,-99.98999777,-99.98999777,-99.98999777,-99.98999777,-99.98999777,-99.98999777,-99.98999777,-99.98999777,-99.98999777,-99.98999777,-99.98999777,-99.98999777,-99.98999777,-99.98999777,-99.98999777,-99.98999777,-99.98999777,-99.98999777
-99.98999777,-99.98999777,-99.98999777,-99.98999777,-99.98999777,-99.98999777,-99.98999777,-99.98999777,-99.98999777,-99.98999777,-99.98999777,-99.98999777,-99.98999777,-99.98999777,-99.98999777,-99.98999777,-99.98999777,-99.98999777,-99.98999777,-99.98999777,-99.98999777,-99.98999777,-99.98999777,-99.98999777,-99.98999777,-99.98999777,-99.98999777,-99.98999777,-99.98999777,-99.98999777,-99.98999777,-99.98999777,-99.98999777,-99.98999777,-99.98999777,-99.98999777,-99.98999777,-99.98999777,-99.98999777,-99.98999777,-99.98999777,-99.98999777,-99.98999777,-99.98999777,-99.98999777,-99.98999777,-99.98999777,-99.98999777,-99.98999777,-99.98999777,-99.98999777,-99.98999777,-99.98999777,-99.98999777,-99.98999777,-99.98999777,-99.98999777,-99.98999777,-99.98999777,-99.98999777,-99.98999777,-99.98999777,-99.98999777,-99.98999777,-99.98999777,-99.98999777,-99.98999777,-99.98999777,-99.98999777,-99.98999777,-99.98999777,-99.98999777,-99.98999777,-99.98999777,-99.98999777,-99.98999777,-99.98999777,-99.98999777,-99.98999777,-99.98999777,-99.98999777,-99.98999777,-99.98999777,-99.98999777,-99.98999777,-99.98999777,-99.98999777,-99.98999777,-99.98999777,-99.98999777,-99.98999777,-99.98999777,-99.98999777,-99.98999777,-99.98999777,-99.98999777,-99.98999777,-99.98999777,-99.98999777,-99.98999777,-99.98999777,-99.98999777,-99.98999777,-99.98999777,-99.98999777,-99.98999777,-99.98999777,-99.98999777,-99.98999777,-99.98999777,-99.98999777,-99.98999777,-99.98999777,-99.98999777,-99.98999777,-99.98999777,-99.98999777,-99.98999777,-99.98999777,-99.98999777,-99.98999777,-99.98999777,-99.98999777,-99.98999777,-99.98999777,-99.98999777,-99.98999777,-99.98999777,-99.98999777,-99.98999777,-99.98999777,-99.98999777,-99.98999777,-99.98999777,-99.98999777,-99.98999777,-99.98999777,-99.98999777,-99.98999777,-99.98999777,-99.98999777,-99.98999777,-99.98999777,-99.98999777,-99.98999777,-99.98999777,-99.98999777,-99.98999777,-99.98999777,-99.98999777,-99.98999777,-99.98999777,-99.98999777,-99.98999777,-99.98999777,-99.98999777,-99.98999777,-99.98999777,-99.98999777,-99.98999777,-99.98999777,-99.98999777,-99.98999777,-99.98999777,-99.98999777,-99.98999777,-99.98999777,-99.98999777,-99.98999777,-99.98999777,-99.98999777,-99.98999777,-99.98999777,-99.98999777,-99.98999777,-99.98999777,-99.98999777,-99.98999777,-99.98999777,-99.98999777
-99.98999777,-99.98999777,-99.98999777,-99.98999777,-99.98999777,-99.98999777,-99.98999777,-99.98999777,-99.98999777,-99.98999777,-99.98999777,-99.98999777,-99.98999777,-99.98999777,-99.98999777,-99.98999777,-99.98999777,-99.98999777,-99.98999777,-99.98999777,-99.98999777,-99.98999777,-99.98999777,-99.98999777,-99.98999777,-99.98999777,-99.98999777,-99.98999777,-99.98999777,-99.98999777,-99.98999777,-99.98999777,-99.98999777,-99.98999777,-99.98999777,-99.98999777,-99.98999777,-99.98999777,-99.98999777,-99.98999777,-99.98999777,-99.98999777,-99.98999777,-99.98999777,-99.98999777,-99.98999777,-99.98999777,-99.98999777,-99.98999777,-99.98999777,-99.98999777,-99.98999777,-99.98999777,-99.98999777,-99.98999777,-99.98999777,-99.98999777,-99.98999777,-99.98999777,-99.98999777,-99.98999777,-99.98999777,-99.98999777,-99.98999777,-99.98999777,-99.98999777,-99.98999777,-99.98999777,-99.98999777,-99.98999777,-99.98999777,-99.98999777,-99.98999777,-99.98999777,-99.98999777,-99.98999777,-99.98999777,-99.98999777,-99.98999777,-99.98999777,-99.98999777,-99.98999777,-99.98999777,-99.98999777,-99.98999777,-99.98999777,-99.98999777,-99.98999777,-99.98999777,-99.98999777,-99.98999777,-99.98999777,-99.98999777,-99.98999777,-99.98999777,-99.98999777,-99.98999777,-99.98999777,-99.98999777,-99.98999777,-99.98999777,-99.98999777,-99.98999777,-99.98999777,-99.98999777,-99.98999777,-99.98999777,-99.98999777,-99.98999777,-99.98999777,-99.98999777,-99.98999777,-99.98999777,-99.98999777,-99.98999777,-99.98999777,-99.98999777,-99.98999777,-99.98999777,-99.98999777,-99.98999777,-99.98999777,-99.98999777,-99.98999777,-99.98999777,-99.98999777,-99.98999777,-99.98999777,-99.98999777,-99.98999777,-99.98999777,-99.98999777,-99.98999777,-99.98999777,-99.98999777,-99.98999777,-99.98999777,-99.98999777,-99.98999777,-99.98999777,-99.98999777,-99.98999777,-99.98999777,-99.98999777,-99.98999777,-99.98999777,-99.98999777,-99.98999777,-99.98999777,-99.98999777,-99.98999777,-99.98999777,-99.98999777,-99.98999777,-99.98999777,-99.98999777,-99.98999777,-99.98999777,-99.98999777,-99.98999777,-99.98999777,-99.98999777,-99.98999777,-99.98999777,-99.98999777,-99.98999777,-99.98999777,-99.98999777,-99.98999777,-99.98999777,-99.98999777,-99.98999777,-99.98999777,-99.98999777,-99.98999777,-99.98999777,-99.98999777,-99.98999777,-99.98999777,-99.98999777
-99.98999777,-99.98999777,-99.98999777,-99.98999777,-99.98999777,-99.98999777,-99.98999777,-99.98999777,-99.98999777,-99.98999777,-99.98999777,-99.98999777,-99.98999777,-99.98999777,-99.98999777,-99.98999777,-99.98999777,-99.98999777,-99.98999777,-99.98999777,-99.98999777,-99.98999777,-99.98999777,-99.98999777,-99.98999777,-99.98999777,-99.98999777,-99.98999777,-99.98999777,-99.98999777,-99.98999777,-99.98999777,-99.98999777,-99.98999777,-99.98999777,-99.98999777,-99.98999777,-99.98999777,-99.98999777,-99.98999777,-99.98999777,-99.98999777,-99.98999777,-99.98999777,-99.98999777,-99.98999777,-99.98999777,-99.98999777,-99.98999777,-99.98999777,-99.98999777,-99.98999777,-99.98999777,-99.98999777,-99.98999777,-99.98999777,-99.98999777,-99.98999777,-99.98999777,-99.98999777,-99.98999777,-99.98999777,-99.98999777,-99.98999777,-99.98999777,-99.98999777,-99.98999777,-99.98999777,-99.98999777,-99.98999777,-99.98999777,-99.98999777,-99.98999777,-99.98999777,-99.98999777,-99.98999777,-99.98999777,-99.98999777,-99.98999777,-99.98999777,-99.98999777,-99.98999777,-99.98999777,-99.98999777,-99.98999777,-99.98999777,-99.98999777,-99.98999777,-99.98999777,-99.98999777,-99.98999777,-99.98999777,-99.98999777,-99.98999777,-99.98999777,-99.98999777,-99.98999777,-99.98999777,-99.98999777,-99.98999777,-99.98999777,-99.98999777,-99.98999777,-99.98999777,-99.98999777,-99.98999777,-99.98999777,-99.98999777,-99.98999777,-99.98999777,-99.98999777,-99.98999777,-99.98999777,-99.98999777,-99.98999777,-99.98999777,-99.98999777,-99.98999777,-99.98999777,-99.98999777,-99.98999777,-99.98999777,-99.98999777,-99.98999777,-99.98999777,-99.98999777,-99.98999777,-99.98999777,-99.98999777,-99.98999777,-99.98999777,-99.98999777,-99.98999777,-99.98999777,-99.98999777,-99.98999777,-99.98999777,-99.98999777,-99.98999777,-99.98999777,-99.98999777,-99.98999777,-99.98999777,-99.98999777,-99.98999777,-99.98999777,-99.98999777,-99.98999777,-99.98999777,-99.98999777,-99.98999777,-99.98999777,-99.98999777,-99.98999777,-99.98999777,-99.98999777,-99.98999777,-99.98999777,-99.98999777,-99.98999777,-99.98999777,-99.98999777,-99.98999777,-99.98999777,-99.98999777,-99.98999777,-99.98999777,-99.98999777,-99.98999777,-99.98999777,-99.98999777,-99.98999777,-99.98999777,-99.98999777,-99.98999777,-99.98999777,-99.98999777,-99.98999777,-99.98999777,-99.98999777
-99.98999777,-99.98999777,-99.98999777,-99.98999777,-99.98999777,-99.98999777,-99.98999777,-99.98999777,-99.98999777,-99.98999777,-99.98999777,-99.98999777,-99.98999777,-99.98999777,-99.98999777,-99.98999777,-99.98999777,-99.98999777,-99.98999777,-99.98999777,-99.98999777,-99.98999777,-99.98999777,-99.98999777,-99.98999777,-99.98999777,-99.98999777,-99.98999777,-99.98999777,-99.98999777,-99.98999777,-99.98999777,-99.98999777,-99.98999777,-99.98999777,-99.98999777,-99.98999777,-99.98999777,-99.98999777,-99.98999777,-99.98999777,-99.98999777,-99.98999777,-99.98999777,-99.98999777,-99.98999777,-99.98999777,-99.98999777,-99.98999777,-99.98999777,-99.98999777,-99.98999777,-99.98999777,-99.98999777,-99.98999777,-99.98999777,-99.98999777,-99.98999777,-99.98999777,-99.98999777,-99.98999777,-99.98999777,-99.98999777,-99.98999777,-99.98999777,-99.98999777,-99.98999777,-99.98999777,-99.98999777,-99.98999777,-99.98999777,-99.98999777,-99.98999777,-99.98999777,-99.98999777,-99.98999777,-99.98999777,-99.98999777,-99.98999777,-99.98999777,-99.98999777,-99.98999777,-99.98999777,-99.98999777,-99.98999777,-99.98999777,-99.98999777,-99.98999777,-99.98999777,-99.98999777,-99.98999777,-99.98999777,-99.98999777,-99.98999777,-99.98999777,-99.98999777,-99.98999777,-99.98999777,-99.98999777,-99.98999777,-99.98999777,-99.98999777,-99.98999777,-99.98999777,-99.98999777,-99.98999777,-99.98999777,-99.98999777,-99.98999777,-99.98999777,-99.98999777,-99.98999777,-99.98999777,-99.98999777,-99.98999777,-99.98999777,-99.98999777,-99.98999777,-99.98999777,-99.98999777,-99.98999777,-99.98999777,-99.98999777,-99.98999777,-99.98999777,-99.98999777,-99.98999777,-99.98999777,-99.98999777,-99.98999777,-99.98999777,-99.98999777,-99.98999777,-99.98999777,-99.98999777,-99.98999777,-99.98999777,-99.98999777,-99.98999777,-99.98999777,-99.98999777,-99.98999777,-99.98999777,-99.98999777,-99.98999777,-99.98999777,-99.98999777,-99.98999777,-99.98999777,-99.98999777,-99.98999777,-99.98999777,-99.98999777,-99.98999777,-99.98999777,-99.98999777,-99.98999777,-99.98999777,-99.98999777,-99.98999777,-99.98999777,-99.98999777,-99.98999777,-99.98999777,-99.98999777,-99.98999777,-99.98999777,-99.98999777,-99.98999777,-99.98999777,-99.98999777,-99.98999777,-99.98999777,-99.98999777,-99.98999777,-99.98999777,-99.98999777,-99.98999777,-99.98999777,-99.98999777