2157.75,2126.5,2365.75,1801.5,2310.75,2219.25,1972.25,2024.75,1708.75,1722.5,1879.5,1580.5,1574.25,1633.75,1463.5,1759.25,1802.25,1665.75,1777.75,1879.5,1913.25,1525,1694.75,1785.5,1716.25,1838,1726.25,1769.25,1696.75,2110.25,1592.75,1617.75,1986,1888,1524.75,1565,1667.75,1670.25,1800.5,1797.25,1603.5,1817.5,1550.25,1456.75,1629,2163.25,2218,1892,2285.75,1886.25,2393,2040,2255.25,2123,2040.25,1805,2150.5,2078.5,2097,1889,1647.75,1771,1268.25,1899,1368.75,1421.75,1430.25,1352.75,1162,1419.75,1547,1009,1013.25,848.75,1322.25,1022,1075.25,990.25,1026.75,852.25,1034.75,890.75,1235.75,1245.25,1126.5,1138.25,1083,1276.75,1022,1256,817.5,650.25,716.5,603.25,747.75,615.5,615.75,727.5,737.25,601.25,704.5,727.25,658.75,681.75,623.75,796.75,673.25,674,728.25,721.75,1003.25,835,726.5,879.75,804,754.5,757,810,774,671,584.25,594.75,634.75,628.5,579.25,629.5,651,766.25,677.75,587.25,742.5,755.75,703.25,626.5,720.5,1413.5,1370.25,873.25,1530.5,1180.5,1242.75,1382,1425.5,1433.25,1376,1521,1484.5,1795.75,1709.75,1898.25,1384.75,1675,1696.75,1722.25,1690.5,1647.25,1865.75,1871.5,1988,2025.25,2220.75,2201.75,1981.25,2252.25,2333,2359.5,2197.25,2295.5,2327.5,2307,2483.75,2565.5,2625.5,2591.5,2886,2217.25,2970.5,2645,2446.25,2721.25
2401.5,2382.25,2466.5,2070.75,1752,1983,1864.5,1400.25,1633,1300,936.75,657.75,703.25,509.5,650.75,713.75,669.75,532.75,644.25,552.5,577.5,544.75,551,559,475,536.75,573.25,619,632,777.5,827.75,961,979.5,1254.75,1207.25,1410.75,1362,1385.5,1389.5,1327.5,1412,1380.5,1522.75,1450,1560.25,1531.5,1448.5,1448,1387.75,1454.25,1445.25,1582.25,1663,1546.75,1574.5,1553.25,1494.75,1376,1326,1339,1266.75,1222.75,1140,934,804.75,850.25,821.75,653,625.5,613.75,614,616.5,643.5,642.25,667.25,710.25,733,747.25,797.75,737.25,750,848,860.25,910.5,1100.75,1269,1384,1452.25,1340.5,1396.5,1329.75,1344.5,1212,1116,1238.5,1306.25,1409.5,1554.25,1601.5,1539.5,1582.75,1613.75,1471,1309,1324,1217.25,1147.25,1160.5,1184.25,1136.25,1135,1048,1030.25,1022,1004.5,1014.5,981.5,978,962.25,859,855.5,765.25,711.75,669.75,656.75,613.25,631.75,636.75,700.25,565,657.25,738.5,666.75,591,649.5,767.5,777.25,853.25,937,940.75,1203.25,1120.25,1094,1057.75,1171.25,1456.5,1548,1282.75,932,1028.5,989.5,947.25,1077.25,1447.5,1460,1543.5,1582,1742.75,1713.75,2122.75,2144.75,2230.5,2221.75,2233.5,2192.25,2397.75,2571.5,2528.25,2471.25,2396.25,2573.5,2879.25,2626,2304,2238,2113.5,1820,2069.75,1971.5,2099.25
382.5,406,394.25,358,332.75,321,297,277.25,279.75,252.25,237.75,238.5,256.25,245.75,238.25,230.75,233,242,233.5,238.75,268.3333333,197,173.75,168,124.5,94.75,94.25,130.75,130.5,127.5,196.5,210,377.75,356.5,464,453.25,487.5,606,661,712,738.25,765.75,738.25,800.25,907.75,600.75,621.25,593.25,574.25,547.75,568,628.25,667,672.25,746,885.75,886.25,1082.75,1212.75,1301.5,1543.25,1530,1601.25,1591.75,1331.75,1414,1404.25,1249,922.75,533.5,471,391.5,398,356.25,346.75,279.25,267.75,317.5,345.75,338,433.25,489.5,579.75,616.25,719.25,851,858.75,904.25,972,1024.5,1028.25,1100.75,1283.75,1464.25,1692.75,2060.5,2432.25,2553.5,2458.75,2326.5,2261.5,2157.5,2510,2698.25,2793.5,2713.75,2723.5,2557.5,2423.5,2596.5,2680.5,2251.5,1721.5,1592,1711.75,2055.75,2007,2030.25,1818.25,1747.5,1583.25,1237.25,1050.5,865.25,918.75,905.75,931.75,890.75,794,835.5,804.25,802,858.5,993.5,1055.25,943.5,1037,1022.75,1020.75,894.75,889.5,800.5,762.25,682,771,764,646,757,1112.25,859,895.75,1007.5,1589.25,1741,2008,1272.25,1385,1659.75,1750.75,2154.5,2375.75,2613.75,2385.75,1813.25,1427.75,1624.75,1414.75,1277.25,1221.5,1113.75,707.5,597,720.25,637.25,625.25,522.25,395.25,412,412,431.75
642.25,624.25,598,582.25,573.5,539.5,590.5,574.25,486.75,482.5,468.75,462.25,475.25,391.25,334.5,300.5,271,243.5,238.75,234.75,229,214,206,191,203,174,123.5,74.25,64.25,39,12,23.25,135.75,96.75,172,248.5,202.5,193.5,142.25,116.25,190.75,251.5,266.25,311.75,391.5,612,661.25,816.5,703,568.25,735,816,895.5,1326.75,1706,1515.5,1367,1630.75,1457.5,1364,1430.25,1452.25,1455.75,1455.25,2131.5,2116.5,2361.75,2483.75,2214.75,2084.75,2305.25,2229.25,1888.5,2063.75,2348.5,2419,2532.75,2322.25,2206.25,2081.5,1725.25,1592.75,1768.25,1917,1446.5,1217.5,1142.25,933.5,921.75,906.5,939.75,935.75,1093.5,1065.75,1126.75,1369.75,1780.75,1976.75,1634.5,1628,1625.25,1496,1353.25,1364.25,1380.75,1377.25,1362,1551.75,1586,1714.5,1965,2098.5,2358.5,2089,1894,1857,1750,1760,2344.25,2542.25,2375.75,2104.25,1427.75,1408.5,1141.25,1109.25,1136.5,1024.5,988.25,956.5,992,999.75,1091.5,970.75,945.5,926,873.25,835.25,835.5,688.5,632.5,655.25,789.5,508.75,480.75,490.25,687.25,1002.5,671.25,551.75,592,983,1668,2348.25,2150.25,2039,1803.75,1724.5,1551.25,1585,1141.75,986,784.25,730.75,712.75,723.75,715.75,661.75,655.75,626.75,637,642.75,650.5,655.75,652,669.75,667.5,663.75,657.25,646
850.75,1000.5,1101,995.5,1019.25,970.5,981,755.5,731.75,662,604.5,627.5,578.5,573.5,546.25,479.5,433,381.75,372.75,374.25,325.75,243.5,173,165.5,162.75,153.25,135.75,109.75,120.75,99.25,132.5,157,194,235.25,272,321.5,350,475.75,588.25,606,691.25,700.75,1285.75,1312,1416,918.25,865.25,1024.75,1157.75,991.75,935.5,992,1271.25,1698.75,1296,860.25,898.5,1212,1435.75,1186.25,1516.75,1765.75,2207,1844.25,1681.25,1841,2006.75,2237,2476.5,2472,2145.75,2070.25,2083.5,2217.5,1795,1606.75,1556.5,1708.5,2588.25,2830.5,2243,2387.5,2396.75,1977.75,1563.25,1125.75,951.5,845.5,716.25,732.25,697.25,623.75,664.25,664.75,728.75,736.75,834,845,706.5,1016.75,1069.5,1031.25,1201,1334.25,1276.75,1755.75,2007.5,1682.75,1548.75,1834.25,1918.25,2359,2374.5,2549.5,2663.25,2721,3128.75,3669.25,4305.75,4357.75,4151,4203.75,4461,4174.25,4209.75,3846.25,3734.75,3122.25,2841,2578.75,2186.5,1779.25,1528.75,1400.5,1387,1510.5,1725.75,2140.5,1517.75,676.25,390.75,1026.25,1678,1685.5,339.6666667,937,1374,592.5,482.25,798.25,749.5,927,999.75,990.75,978.5,878.5,831.5,835.5,797.5,806.5,769.5,745.25,727.25,708.5,686.5,660.25,616,591.5,572.25,556.5,560.25,556,558,551.75,537,578.5,553.75,496.5,583.5,614
3783,3599.5,3189,3097.5,2965.25,2728.5,2560.75,2388,2179.5,1811.75,1742.25,1421.5,1086.25,842,721.25,741.75,621.5,468.5,413.5,389.25,409.5,310.25,239.5,199.25,286,275.25,190.25,173.25,180.25,224.25,295.5,383,557.25,841.25,1183.25,912,785.25,1009.25,1206,1283.75,1197.5,1773.75,1979,2066,2408.75,2281,1914,1791.25,1586,1560.25,2481.75,2203.5,1436.25,1008.25,1349.5,1860.5,2233.5,1833.25,1522,1798,2145,2150,2077.75,2108.25,2112.75,2243.75,3044.25,3457.25,3924.5,4267.5,3824.75,3619.75,3867,3734.5,3555.25,2807.5,2090,1576.75,976.25,1189,1211.5,770.75,779.25,783.25,798.75,840.5,902.5,908,949.5,905.75,834,845,786.5,865.25,913.75,1140.5,1827.25,1858.25,2045.5,1500,1512.25,1700,1705.25,1824.75,2267,2162,2674.25,3139.5,3536.75,3721.5,3619.5,3680.5,3157,2353.5,2409.75,2911,3395,4168,5141.5,5484.25,6273.25,6335.5,6412.75,6530.25,6238.75,5646.75,5249.75,4653.5,4243.25,3475.75,2601.5,1983,1243.25,1230.75,943.25,1097.75,1150,777.5,892,2109,1734.75,2329,1037.5,470,460.25,396.5,291.75,399.5,636.5,750.25,851.25,909.25,955,918,889.25,893,943.5,923.75,871.75,797.25,756,718.5,677.25,629.75,570.75,522.5,480.25,417.5,422,493.25,704.75,949.75,1184,1407.25,1622.25,2102.75,2313,2427.5,2991,3493.5
2627.75,2572.75,2603,2981.75,3485.5,4062.25,4322.75,4416.25,4479,4318,3983.5,4431.75,4752.75,4101.25,3245,2990.25,2217.5,1605.25,834.75,848.75,936.75,800.75,288.75,204,247,310,351,367.25,466,833.25,1061.75,1162.25,1179.25,1202,1206.5,1044.75,977,1353.75,1423.5,1535.75,1907.5,2071.75,2584.5,2053.25,1824,1345.25,1643,1677.25,1497.75,1258,1687.75,1479,957.5,779.25,1004,1468.25,1289.25,1310.5,1236.25,1820.5,2787.75,2860.75,2125.25,2242.5,2239.25,2519.25,2771,3545.75,4066.75,4015.5,4152.5,4250.5,3954.75,4033.25,3701.5,3408,3039.75,2235,1022.75,1320.25,1226.75,869,767.25,687.75,700.25,599.5,458.25,462,477.25,629.5,676.5,836.5,893.25,1010.5,1183,1142.75,921.5,1100.25,887.25,291,345,578.25,445,547,755.75,878.75,1041.25,1410.25,1805,1566.25,1519.25,1566.75,2320.75,3064.75,4035.75,4752.75,5219.75,5820.5,6718,7382,7385.75,7154,6494,5856.25,4554,3472.75,2563.75,2263,1905.5,1592.25,1205.75,1126,911.5,844.5,841.75,744,694,1039.5,958.25,976,1245,1811.5,2462.75,2081,2337.5,2324,1489,903.75,1003,1113.75,1191.5,1210.25,1179.25,1162.5,1146.5,1184.5,1155.25,1099,1060,1118.5,1030.75,931.5,819.75,886.25,881.25,809,769.5,843.5,961,1298.75,1406.25,1962,2395.25,2587.5,3150.25,3602.75,3672.5,3637.25,3412,3338.75
1286,1370.5,1226,1230,1256.75,1445.75,1843.25,2149.75,2500.75,2883.25,3309,4155.25,5482.5,5756.75,4957.75,4659.75,4654.5,3928.25,3805.75,3320.75,2370.5,1842,1647.75,1327.75,1395,757.5,500.25,479.75,619.75,996.75,1084,1075.25,1032.25,1388.75,1206.75,1043,1381,1406.25,2052.75,2140.75,2385.25,2116.5,2390,2211.5,2085.75,1964.75,1714.5,1362.75,1379.5,1048.25,794.75,946.5,814.5,745.25,597.75,683.25,637.5,959,1102,990.5,876,1407.75,1334,1699.75,2017.5,2403.75,2725,3896.75,4389.75,4760.25,4645.25,5049.75,5019,4841.75,4508.75,4093.25,4049.75,3832.75,2577.25,1549.25,2457.25,1911.25,1805,1384.25,1096.75,1103,1063,1011.5,898.25,704.75,604,541.25,606.75,691.5,809.5,857.25,866.5,839.5,766.5,662,666.25,719.75,840.75,905.5,1023.5,960,862.75,847.5,973.25,1244.75,1916,2864.25,3603.75,4501,5111.5,5702,6129.75,6311.25,6642.5,6155.5,5582.75,4933.25,3899.25,2448.75,1779.25,1107.5,1041.5,1011.75,862,905.75,908.75,871.25,940,1639.5,1838,1496.5,2055.5,2665,2936,2488,2238,2120.75,1614.25,1646.25,1585.75,2388.5,2608,1580.75,1562.25,1790.25,2051.5,2194.25,2261,2161.25,2032.75,2142.5,1679.25,1302.75,1425.25,2024.25,1936.5,1626.75,1081.5,1362.75,1601,1380,1260.5,1268,1563.75,1885,1969.5,1799,1908.25,1808.5,1739.75,1590.75,1550.5,1684.5,1831.75,1792.5
1776.5,1907.5,1721.25,1618,1717.75,1539.25,1206.5,1218.75,1258.5,1220.5,1076.75,1045.25,2482.25,4268.5,4292.5,4792,6185.75,6275.25,5823,5468,4259.25,3381.5,2442.25,1939.75,1726.25,1516.5,1183.5,690,1733.25,1663.75,1111.5,1554.75,1909,1585.25,1197,1312.75,1818.5,1972.75,3159.5,3395,3889,2981,2732.75,2470.25,1801,2296.5,2250.25,1681,1569.25,1376.5,1299.5,1273,1084.5,871.25,742.5,498,480.25,713.5,843.75,923.75,1052.5,1195.75,1204.5,1400,1956.5,2308.5,3630.75,4273,4622.5,4588.75,4974.25,5281.25,5312.25,5813.75,6050.75,5802,4729,3793.25,4069.5,4899,4940.5,5609.25,4244.75,2548.75,1631.5,971,631.75,537.5,579.25,653.5,597,612.25,715.25,829.25,984.5,1093.5,1186.75,1198,1187.75,1151.5,1124.5,1213.75,1228.5,1175.75,1147,1232.5,1273.75,1789.25,2235.25,2923.75,3527.25,4160.25,5292.5,5923.5,6665,6727.25,6794.75,6415.75,5302,4478.75,3956,2922.5,1671,1097,1407.5,1577.75,833.5,810.5,806,1061,1520.25,1717.5,1666.5,1774,1154.5,1068,1632.25,1820.75,2309.25,2453.75,2819.5,3143,2822.5,2422.5,2583.25,3317,3209.25,3096.25,3025.5,2464.75,2153.5,2288.75,2791.5,2705,2017,1214.25,1107.75,1105.5,1060.5,1071.25,1832.5,1819.75,1308.75,1176.75,1169.5,1108.25,1272.25,1344,1415.5,1540.25,1542,1594.5,1617.25,1482.25,1164.75,1124.75,1064.5,1202.75,1359,1425.75
1759.25,1596.25,1443.25,1337.25,1768.5,1788,1643,1331.25,1251,1135.25,1039.75,1224.75,2603.75,3068.75,3412.75,3408,4850,5509.5,4666.75,5017.25,4703.25,3934.5,3367.75,2487.5,2935.5,5569,4442.5,2063.5,1125.5,660.75,485.75,1303.75,1755,1747,1882.25,2178.75,2704.25,1839.25,1100.75,1209.25,1677.5,1585.75,2236.5,2420.25,2434.25,3016.5,3109.25,3181.25,3443.75,3297.5,3030,2956.75,2682.5,1282.5,773.25,484.25,311.75,543.25,783.75,893.25,760.75,929,1301.25,1128.25,1301.5,1680.75,3696.25,5014,5160.25,5202,5629,6110,6188.5,5347.75,4640.75,3784.75,4064.75,6732.25,6688.25,4789.75,3084.25,864,843.25,1027.25,826.75,842.75,624,608.5,684,718,796.5,1079.25,1200.5,1225.5,1157,1142,1199,1141,1263,1726.75,2055.75,2444.25,2546.25,3051.25,4023,4634,4889,5469.25,5279,5968,6496.5,7212.75,7265,7167.5,6403.75,5504.75,5338,5142.75,4003.75,3122,1558,1002.75,804.5,983,1911.75,2237.25,1428.25,2462.75,2313.5,2286,2060.5,2463.75,3917.5,4323.25,3558.75,3273,2646,2162.5,1464,1716.25,1664,2256.5,3023,3246.75,3513.25,3519.75,3407.25,3221,2765.75,2475.75,1994.25,1714.25,1684.5,1871.25,2527.5,2454.25,2797.75,2389.25,2297.75,2145.25,2161,1866.75,1385.25,1097.25,1556,1461.75,1489,1797.25,1943.75,1887.25,1607.75,1686.5,1553.75,1269.5,1156,1411.75,1422.75,1442.75,1792.75,1729.25
1966.25,1749.25,1478,1327.5,1387,1298,1340.25,1659,2189.25,1890.5,1152.25,664,2744.5,3157.25,2788.75,2601.5,3225,4092,3277.5,3163.5,4127.25,2542.5,2922.75,2994.5,5094.5,5383.5,5639.75,5514.75,4521.5,3521.25,1818.75,1371.5,1596.25,1223.75,1351.25,1619,2175.5,1722.25,1267.75,870,1267.25,2067.5,1828.5,3371.25,3278.5,2775.75,2290.5,2768.5,2844.75,2376.25,3066.25,3695.25,3381.25,3296.75,2361.75,1629.25,911,254.75,455.75,553.75,599.5,919.5,1942.75,1480,1173,2062.25,4438.75,4619.5,5157.75,5465,6110,7364.5,6980.5,7547.5,7831,6394.5,4926.5,4023,3635.75,3956.25,1316.5,934.5,782.25,783.25,877.75,869.5,1019.75,1189.5,1283.5,1325,1363.25,1317.5,1255.25,1218.75,1226,1352.5,1658.5,2167,2653,3761,4848.5,4890.5,5718.5,5862.5,5839.5,5702,5808,6689.5,7322.25,6276.75,5094.25,5410,4971.5,4359.25,4390.5,3615.75,3216,2476,1555,873.25,865.75,1455.25,1156.5,876,1496,2349.5,926,1645.5,1780.5,2005,3194.75,5120.5,6094,5804.5,6636.5,7849,8494.25,8439.25,7986,7344.75,6386.25,5244.75,3761.25,3168,2452.5,2365.25,2055.75,2383.5,2795.75,2859.75,2500.75,2609,2563.25,2573.75,3180.75,2847.5,2677,3090.75,3290.75,3581.25,3135,2667,1880.5,1224.25,1149.75,1536.25,1429.25,1627.25,1875.5,1580,1416,2124.25,2836,2699.25,2278,2317,2526.25,2739.75,2739.75,2725.75
3044.5,2598.5,1788,1523,1339.25,1977.5,1962,2051.25,2143.25,1525.5,1209.25,1112.25,1145.5,2987.25,3309.5,4368,5933,6501,6082.75,4383,3466,4420.25,4196.25,4487.25,2854.75,1641.75,2745,5735.75,4465.75,4456.25,2877,1877.75,776,666.75,649.25,831.25,1797.25,2384,2533.75,2491.75,2500.25,2652.25,2858.75,3127,3008.75,2939.25,3042.25,2603.25,2856.75,2095.5,2613.75,3724.25,3765.75,4219.5,5068,3016.75,2393.75,2221.5,1075.75,182.75,254.5,701,1960.5,1404.75,1466,3052,4220.5,4709.25,5281,5546,6989,7363.5,7637.75,6612.25,6827,6527.75,6785.25,6702,6297.75,4135.75,1800.75,974.25,813.75,1034.75,559.75,798.25,962.5,1111,1283,1323,1283.5,1174.5,1006,913,946.5,1355.5,2091.25,3278.75,3855.5,5015.75,5118.25,5067.25,4730.75,4607,5048.5,6050.25,7266.5,7627.75,8281.75,8286.75,6878,4542.25,4638.5,3046,2296.75,2143,867.5,1210.25,2019.75,1991.5,1975.75,2731,3507.5,2032.75,1845.75,1597.5,1230.5,1323.25,2105.75,3442.5,3961.25,3241.5,2571.25,2381.25,3479,4889,5768.75,6526.25,7214.5,6714.5,7025.75,7250.5,6716.75,5838.75,3998.5,3262.75,2692.75,2201.25,2026,1975.25,2661.25,2336.5,1902.5,2945.25,3826,3265,3058.25,2834,2686.75,2602.25,3620.5,3968.5,4326.5,3451.25,3578.5,3479.75,2578.75,2080,1953.25,2895.25,2992.75,3455.5,3105.75,2212.5,2324,2443,2368.5,2539.25,3309.5,4263
1764.75,1202.5,1433.75,2188.25,2888,3131,2885.5,2671,2538.5,2183,1439,895.25,821.5,2340.5,4083.75,4744,6757,7774.5,7487.75,6413,6573.25,7559.25,6294,5503,2783.25,1787.5,1201.5,1226,1125,1082.25,1188.75,992.5,1509.5,2118,1759.75,1252.5,1953,1967,2064.5,2199.75,2219.25,2638,2823.5,2123,1881.75,2353.25,3040,2996.75,1803.75,1523.5,2752.75,4867.5,4590.5,4320.75,4188.25,4965.75,4008,4473.75,2659,317.5,109.5,761.5,2192,1723.25,1466.5,3396,4108.25,4494,4703.25,5429.25,4946.5,5409.5,5857.75,5794.5,5912.5,5654.5,5179.75,5349,5859,5101.75,4011.75,2227,2350,1544,976,846.75,1131,1352.75,1527.5,1591,1884,1664.5,1685.75,1595.75,1323.75,2236.25,4205.5,3107.75,3221.75,2684.25,2235.5,999.5,1466.5,2621.75,3102.75,4473,3564.75,1097.25,2906.5,6126.25,6758.75,4741.75,3902,3341.5,1538.25,1105.75,1150,1267.75,1819.25,2915.75,2752.5,1944.5,950.25,1393.25,1971.75,1883.25,2070.5,2381,2541.25,2265,2570.25,2474,2507.5,2847.75,2372.75,2053.75,2643,3951.5,4871.75,5389.25,6567.75,7284,5971.5,6694.5,6118.75,5661.25,4795,4062,3359,2254,1721,1049.5,1028,1256.25,1697.5,2352,2664.25,2336.25,2112.25,2129,2628.25,3154.75,3722.75,3952.5,4499,3948.75,2804.25,2559,2767.5,2757.5,2595.75,2236,1789,1479.5,762.75,1599.75,1137,1369.5,974.25,1021
1409.75,1217.5,882,879.75,1233,1836,2465.75,2387.75,1989.5,1554.25,1059,937.75,1661.5,3100.75,4450.5,5046.25,6267.25,6560.75,6349.25,7189.75,7008.5,6246.5,6713.5,4770.25,3770.25,3413,2157,2191.75,2500,1723.25,1482.25,2412.75,2472.75,2523,2544,2474.75,1922.75,2281,1502.75,2314.25,2322,1972.25,2266.5,2290.25,2105,1349,2441.75,3647.5,4260.25,4291.5,4021,5050.25,5152.25,3556.75,2411.25,2450,3574.5,3576.5,1468.75,914.25,851.75,1422.75,2451.5,2706.5,1790.5,3252,4139.75,2907,3506.5,3869.5,4145.25,3695.5,3769.25,4228.5,4483.25,5059.25,4403.5,3320.25,3128.5,2602.75,1352.5,1099.75,1377.25,840.5,920,748.75,1587,1461.25,1204.25,1710.25,1593,2865.5,3522.25,1981.5,2206.5,2067,2000.75,1756.75,1487.75,314.25,283.75,1676,3075.75,3282.25,3904.75,4824,5196.5,4879.75,4648.75,4020.75,2345,3450.5,2721.25,5000,225,982,1347.25,2136.75,3416.5,5171.5,5873.75,4858.75,3221.75,2121.5,1754.25,1815.75,2192.5,2401.75,2466.25,2840,3095.5,3432.75,3431.75,3314.25,3260.5,2357,1921.25,2376.5,3282.75,4684,6409,7391.75,8011,8490.25,9030,8887.75,9128.25,8671.5,7572.5,5606.75,5528.5,5102.75,2779.25,2964.5,2215.25,2286,1904.75,2048.25,2095.75,3363.25,4691.25,4519.5,4492.25,4632.75,6534.5,5283.75,5601.25,6688.75,5567,4782.25,4055.5,2987,2567.75,2069.75,2768,4075.5,3877.5,2964,1402.5,1427
2493.5,3123.25,2407.25,1190,1918,1751.5,1412.75,1430.25,1297.5,1576.25,1897.5,1852.5,1587,1994.25,2954.75,4455.75,4759.5,5162,5556.75,5111.75,4448,5367,5352.75,4510.5,3823,2524.5,2669.75,3019.75,3263.75,2779.25,3118,2969.5,3036.25,3262.5,3607.5,2229.75,604.25,1529.75,1967.75,1910,1984.5,2310.75,3163.75,2199.75,2031.5,2278.5,2537.75,3533,5139.5,6336,4832.75,5764.25,6859.25,4920.5,2594.75,1537.25,2158.75,2039.25,2390.75,1506.75,924.75,1510,2242,2889.75,2676.25,1334.75,1615,3164.75,3047.5,2805,2060.75,1632.25,1981.75,3972.5,3893,5400,4224,2321.25,2137,2228.25,675.25,1542,1513.75,1404.5,1702.5,1817.75,1897.5,1875,3518.75,5395.25,1747,1843,1184,2498,2960.75,2199.5,1788.25,1706.5,1094.5,474,1229.75,2766.5,5493,4940.75,4420.75,5979.75,6724.75,6477,7109.5,7814.25,6610.666667,3164,3106.75,4509,3818.5,2971.25,2171.5,1588.5,3080.75,4663,5391.5,5968.25,5088.75,3722.75,4063,4326.25,4220.25,4012,3707.5,3622,3608.5,3404.25,3455.5,3338.25,2637,2538.5,2135,2255.5,2693.25,2782.25,3804.75,6394.5,7801,8443.25,8699.75,8793,9024,9272.25,9364.5,9097.5,8909.5,8992.5,8675.75,7862.5,7012,5718.5,4007.25,3778,4412,5165,5562.25,4685,4092.75,4214.5,5350.75,5814.5,4916.75,4510.25,3354.25,3978,3851.5,2350.25,2864.75,3084,3073.25,3553,3331,2329.25,1335.75,1743
2178.75,1999.25,2024.5,1548.25,1350.5,1807.5,1683,1626.75,1661.75,1351,1371.5,1353.75,1869.25,1261.25,1565.25,1868,2372.25,2646.25,4602.25,4564.25,4344.5,4763.5,5596.75,5423.5,5780.75,4577.5,5321.5,4647.5,3386.25,2690.25,3664.25,2894.25,3172.75,3055.5,2144,2642.75,2597,1548.5,1637.25,2280.75,2935.5,3696,4513.5,3991.5,2537.5,2482,3902.25,4917.25,4074.75,4396.25,2131,3353.25,3280.5,1947,3131.25,1901,996.75,1475,1279.5,682,1642.25,1816.25,2402.75,2651.5,2753.25,2225,1592.25,1398.5,1536.25,1296.25,1123.25,1473.25,1281,2893.25,3488.75,6496.75,4600.25,1361.5,1760.25,1937.25,753.5,874.25,1463.75,1699.75,1745.75,1874.5,2103,4278.5,6191,4564.75,2502.25,1934.25,712.75,1508.5,1972.75,1115.75,1415.5,1833.25,2294.5,5657.25,6979.5,6452,8304,8966,8456,8195.75,7695.75,5630,6871.25,8532,7426.75,3794.333333,4433.75,3573,4585.75,3957.75,733.25,1382,2151.75,3404.5,5374,5086.75,3799.5,4933.5,5288,5247.25,5292.25,5526,6611.5,6508,5753.25,5565.5,5790.75,4334,3175.75,2720.5,2495,2516,3466.25,2283.25,2284,2520.75,3157.25,3404.5,5137.5,6944.75,7254.75,7052.25,7726.5,7505,7010.5,7071.5,7316.5,8206,8726.5,9131.75,8637.5,8191,7161,5906.75,5208.75,3687.25,3030.75,3094.5,1959.25,2781.75,2337,1109.25,1250.25,1299.25,1049,1004,616.75,838,1024.25,1293.5,1489.5,1714.75,1685.75,2055.25
2084.75,1702,2270.5,2059.25,1781,1971.5,2275,1917.75,2020,2132.5,2472.25,3341,1880.25,1370.5,2010,2027.5,2226.5,2048,2968.75,3471,3100.75,2830.5,4433.5,5957.75,5809.5,4951.5,5580.75,5582,3729.75,2934.25,3335.25,2782.75,2786.25,2450.5,1332,1977.75,2074.75,2153.75,2402,2497.25,2933.5,4642,5798.25,4195,3458.5,3796.75,3720,3707,2011.75,995.5,128.5,739.75,970.5,1019.75,746.75,833.5,496,694,1084,730.25,910.5,2145.5,2658,2787.75,2719,2541.75,2298,2177.75,2007.25,1710.25,1387.75,2922.75,3361.25,1931,4177.5,5586.5,6170.5,1818.25,1356.5,2932.75,2042,938.75,1894.75,2775.25,2184.5,3668.25,5668.75,6623,5663,5328.5,4524.5,2007.25,1219.5,1555.25,2708.25,1788,1105.5,1023,1190.75,4320.5,6267.5,5124.5,6812.75,6343.5,8086.5,9029.5,7201,6404.25,7637,6700.25,6895.75,7041,2079.75,1286,2123.666667,2943.333333,582,1126.5,2686.75,2895,3058,5225.75,3875.75,5242.25,3241,3355,2849,2926.25,2811.25,3131.25,5055.75,7386.25,7966.5,7042.5,6035.5,4324,4050.75,3168,3191.5,3226.5,2889,3724,2353.25,2766.5,2886.5,2755.5,3038,3061,3290.75,4181,4487.75,5457.5,6089.5,5971.25,6234.75,7374.25,8013.5,8045.75,7295.25,6199.75,3061.75,1431.75,1586.25,2284.5,1384.75,997.75,951.25,959.5,1329.25,1612.5,2715.5,1470.75,903.75,1009.75,1205,1325,1517,1776.5,2241.75,2055.25
3829.25,2973,2397.5,2120.75,2005.5,1818,1711,1450.25,2049.75,2209.75,1426.75,2305.25,2760.75,2740.75,2696.25,2534,2436.5,2514.25,2379,2827.75,2324.75,2051.75,1893.25,2914.5,4840.75,5470.5,3668.75,3262.25,4777,3821.5,3238.75,2673.5,2338,2690.5,3519.75,2761.5,2182.5,2252.5,2239.25,2199.75,3272.5,3785.75,3667,3607.25,3429,3683.25,3563,2269.25,923.25,137.75,92.5,1114.75,1370,948.75,759.75,482.25,569.6666667,529.5,702.75,1452.5,1772.75,1926.25,2714.75,2613.5,2649.5,2621.5,2503.5,2249,1852.25,1607.5,1812.25,3655.75,6203,3770,3584.25,4780.75,6116.75,3203.75,1473.75,3192.75,3641.25,1005.75,2692.25,6005.75,7192.5,5302.75,7297.25,8624,7977.75,8156.25,6071,6001.75,6228.75,5299.5,4497,3225,2821.5,3418.5,5211.25,2528.75,3458.5,2460,3288,3658.5,3072.75,4500.75,6847,6508.75,6228,7218.75,5306.5,6293.25,7000,975.25,2685.5,2067.75,2646.5,2762.5,1961,2428.75,2211.75,1977.75,2104.75,3138.75,3129,3185.25,2549.25,2661.75,2132.5,3179,6128,5617.5,6551.25,7668.5,9122.5,5949.5,5195.75,4467,3454,2692,2832.5,2547,2254.5,2180.75,2665.75,3721.75,4279.25,4142.5,4632.75,4491.5,3492.25,2601.5,4199.25,3245.5,3531.25,5156.5,6120.5,5914.25,5910.5,3768,624.75,694,990,957.25,856,936,964.25,1240.25,2928.25,3950.75,4078.5,2788.5,2310,2002.75,2026.25,1936.75,2064.75,1994.25,1907.75,1894.5
5037.75,5022.5,5035,3690,1920.5,1580,1700,1693.25,1737,1704,2171,2182,2128,2211,2242,2185.5,1976.25,1850.75,1896.75,1851.5,1448,1774.5,1349.75,2729,3382.5,4094.25,5119.75,4658.5,4456.25,4874,5206.75,5156,2452.25,2039,3600.5,4141,4715,3824.75,2836.25,3689.5,3961.5,4918.5,5446.5,5582,6882.75,5194.5,3557,5192.5,4834.25,1308.5,1110.25,1894.75,1870.75,1700.75,1213.75,1190.25,1181,1577.75,2577.25,2509.5,2896,3229.75,2433.25,2204.5,2363,3067.5,3625.75,3883.5,3589.75,4173.25,5895.75,7427.75,7012.25,3487.25,2937.5,4569.75,4760,3116.5,1596,2840.75,3899.25,1616.5,1697.5,2882.75,5023,5133.5,6552.75,7234,8094.75,7666.5,4327,4715.25,5805,7159.75,5966,5855,5022.5,4235.25,3448,2090.25,1138,2295.75,2545.75,2613.25,5485.25,3151.75,2534.75,3122.25,5106,4914.5,5398.25,4396.75,5588.25,5549,1807.5,2688,3834.75,2332.75,2514.25,2607.75,1221,1055.5,1166.25,1484.5,1997.25,2102,1753.75,2195,3507.25,4189,6392.5,7494,8129.75,8859.25,8885.25,7234.25,5321,5581.75,4636.25,3228.75,3664.75,5035.75,3659.75,3414.5,5845.75,8170,8883,8300.5,7554.5,6532.75,5897.5,5135.5,5271.5,3910.5,2725.75,3969.25,5308.5,5681.5,5221.25,5409,1982.75,1537.75,689.75,897,945.25,986.25,1357.75,5018,7881.75,8360,6919,5809.75,5242,5852.25,5748.75,6614.25,7350.5,5989.75,2984.25,2149.75
5566.75,5357.75,5307.25,5357.25,3808.25,1791.75,1439.75,1645.25,1729,1530.75,1494.25,1543.75,1537.25,1588.5,1552,1394.25,1371.25,1483.5,1733.25,1543,1546,1856.25,1684.5,1548.75,2119.75,3339.75,3924.25,5236.75,5768,4926,4474.25,4648.25,5723.75,3494.75,3436.5,3726.75,5147.5,4779.25,5661.75,5435.5,6176.75,7344.75,7621.5,8059.25,8326.5,7561,5168.75,4070.25,4807.5,3635,1505.75,1537.25,2066.25,1756,1619,2426.75,2557,2844.25,3071,3302.5,3203.75,3254.5,2755.75,3369.75,2703,2502.5,1926.5,4773.5,7068.75,7978.75,8074,7550,5747.25,2383.5,3815.25,4770.75,5095.75,4057.75,1157.75,2508,4233.75,2209.25,1722.75,2622,1817.25,1658,2030.5,2600.75,2792.25,3425,5323.75,3849.25,4575.75,6497.75,7624.5,6672.5,6104.5,4871.5,4832.75,2847.5,2343,2533.25,1824.5,1764.5,5828,5695.25,7201,7361,4775.75,3487.5,2961.75,3637.5,4090.75,4631.25,3482.666667,1200.666667,2412.25,3604.5,2444.75,450.6666667,586,618.75,1843.75,2603.75,3310.25,3958,4419.75,5174.25,6149.75,7650.25,7539,6606.75,7182,7639.5,6084.5,6731.75,5210.5,5280.25,5804.25,5074,4753,7003.25,5375.25,7713.75,8782.75,8268.25,7639.25,7413,8240.25,7991,6285,6053.25,6831.75,6564.25,4467.75,3072.5,2972.25,4792.75,5586,5755,3669,1896.25,592.5,769.25,817.25,1672,6528.75,9055,8548.75,7762.25,7225.75,7622.75,7546.75,8077.75,7612.25,8268,7354,7102.75,5712.5,4529.75
6315,5468.75,5698.75,5286.75,3326,1623.75,1724.75,1967,2070.25,1701.5,1728.25,1529.5,1673.25,1644.75,1675,1661.5,1907.5,1840,1746.25,1916.75,1586,1431.75,1730.75,1246.25,1086,1966.75,3835.5,4646.75,4280.25,4673.5,4466.5,4860.25,5487.25,6275.5,8638,8460.5,8885,8502.25,7907.25,7832.5,9398.75,9408.5,9089.5,7628.75,7173,6930.25,6343.75,6581,6534,7249.75,5021.25,1496,1916.25,2158.75,1700.25,1903.25,2657,3658,4059,4581.25,5456.5,5581.25,4801.5,2705.25,1845.75,1146.25,5327.5,7047.25,6966,7177.75,6775.75,6042,3308,2642.5,2098.25,2633,2036.25,1528,1823.25,2806.25,4437.75,2777.25,1242.25,1192,767.5,581.25,988,1022.25,1234,2332.5,4867.25,5624.5,3296.75,2378.5,2411.25,3647,1532,1616.75,2245.25,2032,1641.25,2885.25,4191.25,2847.5,2691.5,4826.75,3868.75,6938.5,6340.25,5366.25,3846.5,3293.5,4243.75,5282,4944.75,2338.75,2048.75,5192.25,5500.75,6142,6461,6867.25,8128.5,8717,8057.5,7358.25,7128.5,7935.25,9042,8942.5,6635,5227.5,5315.75,3583.25,5224.5,5926.75,3846.5,4729.25,5215.75,5515.5,3975.25,5460.25,5796.25,7604.25,7673.75,6145.25,8027.5,8449.5,8426,8150,5688,4801.25,5374,7319.25,7593.5,4526.5,1017.25,1877,4598.75,6685.75,6348.25,2691.25,718,733.75,912,5509,8793,8566,7865.25,8900.5,9189.25,9265.25,9736.75,10109.5,9461,8417.25,8723.75,7834.25,5186.5,5582.5
4863,6829.75,7315.5,5443.25,4136.25,1767,2095.5,2001.25,1846,2092.5,2266,2304.75,2174.75,2121,1858,1754.25,1647.5,1540,1535.25,1795.5,1577,1599.75,1804,1401.75,986,2233,5444.25,4498.25,2684.75,4347.5,3592,5077.75,4695,5607.25,8305.75,8421.25,6456.5,5717,6904.5,8736.75,10068.5,7798.75,6939.5,7922.25,7569.5,7692.75,8434.5,6826.25,5343.75,6443.5,6486.5,2116.5,1937.75,2440.75,2296.5,2098.25,2051.75,2953,4497.25,4227.75,4468.25,3466.75,2618,1356.5,2832,7244.75,8649,8018,7175.25,4688.5,3143,1510,1250.25,2094.25,1653.75,1978.5,2298,1829.75,2441.25,2578,3378.25,2396,1181.5,1222,898.25,798.25,2738.75,4349.5,4113.75,4468.75,4958.25,6515.25,7897.5,4920.25,5023,5116.75,4025,1894,882.25,644.5,1249.25,2405,2676.25,2298.75,1932.5,890.75,1602.5,5611.75,4291,5401,6094.5,5982.5,2516.75,2219.25,2517.75,5160.25,6359.25,6913.5,7751.25,8066.75,9691.75,10010.75,10048.25,10186.25,10221.25,9146,9891.25,9191.5,9413,10133,7515,7607.25,7458,7410.75,6878.25,3850.25,4635,6387,5830.75,4233.25,3503.75,3693.25,4701.5,5674,7187.25,5538.25,6951.25,9049.5,9562.75,7666,4333.5,9196.25,8422.75,7906.5,4362,3456.25,747.5,1155.75,5699.75,4812,6880.5,6355.5,1412.25,796.25,1505.25,4784.75,9581,8683.75,9213,9361.75,8792.25,8423.75,8646.5,9220.75,10455.75,11610.5,9550,8159.5,7123.75,5726.25
4586.75,7873.75,10180.5,6830.25,5581.75,2401.5,1755.75,1399.5,1367,1616.75,1930,1758,1850.75,2128.5,2125.25,2449.75,2525.75,3111.25,3684.75,2603.75,1589.75,1203,874,822.75,917.75,1778.25,4051.75,3721.75,2297,3644.25,4141.5,3845.75,4233.75,5794.25,7261.75,7057.5,5744,8663.75,8656,9120.5,12162,11112.25,9762.5,8279.5,7802.75,7244.75,6764.25,6558.25,7946.5,7338.5,6841.75,5223.25,3073.5,2405.25,2569,1811.75,1301.75,1613.75,2692.25,2562.25,1538.5,951,1207.75,955,8382.5,7921.25,7296,5789.25,3314.25,1006.5,1583.25,813.5,1590,2183.25,1527.75,1398,2928,2682.75,1833.25,2076.75,1723.5,2178,1135.25,1495.5,1422.75,1919.25,6464,4424.25,5419.5,6752.75,4907.25,4448.5,7141.75,8054,7583,3274.5,2644.25,2854.25,1346,1210,1371.75,2433.25,1958.25,948,940,1103.5,1067.5,3249.25,3590.25,5173.5,5735.5,5866.25,5809.5,4615.75,4186.5,3540.25,4060.25,4493.5,6282,8125.75,9442.25,9857,10332,10509,10327.5,10111.75,9288.25,9404,8034.25,9434.75,8279.75,7771.75,4706.75,4823.25,5254.75,7160.5,8079.666667,6530.5,6922,8122.5,4198.25,3680.25,4845,5937.25,7173.25,8391.25,8785,8499.25,9800.25,5889.25,3587.25,3647,4408.5,8015.25,7804.25,7954.5,8675.75,6067,5675.5,5169,6136.75,7131,5008.5,1158,1070.25,1918.5,5256.75,9069.75,9113.5,8446.75,6766,7753,8790,8616.75,7521.5,9167.75,11302.25,9413.25,7254.25,6715
5350.25,10316.25,10816,7581.75,5289.25,3364.5,1843.75,1497.75,1355.75,1711.25,1607.25,1676.25,1874.5,2810.5,3920.75,3797.25,4857.25,5219.5,3184.75,1416,1330.75,963.75,998,734,667,1511.25,3029.75,1917.5,1966.25,3408.25,3674.25,2722.25,5050.25,7589.25,7361.5,5985.25,7754.5,8894.5,7241,9636,10546.25,9252.25,6148.75,7150.5,8470.5,6002,7449.25,5965.75,6017.5,9046.25,8818.5,7998.5,6716.25,4339,2400,1226.25,849.75,501,1262,1487.5,1843.75,2528.5,2198,5068,9460.25,6761.5,4134.5,1600.5,865.75,1020,719,1179.75,1388,1532.25,1527,1648.5,2260.25,1711,1690.75,1454.5,1050,1320.25,1319.25,1584.25,1517.5,1822,4979,3018.75,6130.5,7755.5,4393.5,3695.5,6505.25,8920.25,6917.5,3988,1209,1246,1179.25,1390.75,4631.5,3511.75,2076.5,1476.75,1403.5,1270,2239.5,3627.75,4040,2833,3805,6123.5,5975.5,5599,3618.5,2299,3835,4165.25,4292.25,5947.75,8592.75,9467.5,9915.5,10028.75,10113.75,9676,6869,6829.5,6973,7384.25,5018.75,3844.75,5584.75,4388.75,4258.5,3765,3016.666667,3804,8898.333333,5900.5,4970,4403,7483.25,8046.25,8843.75,8263,6903.5,8033,9151.75,7728,6976.75,6943.25,9274,10144.25,10174.5,10493,10371,10248.75,10338.75,9933.75,8596.25,7987.25,5952.5,3416.5,875.5,1033.75,1774.75,7125,9092.25,8633,8374.75,6109.5,7513,9430.75,8748.25,7635.75,10343.25,11861.5,9804.75,7650.5
8055.75,11295.25,10597.5,7286.75,5107.5,3233.5,2559.5,2052.25,1581,1726.5,1537.5,1849.25,2926.25,6945.25,7194.5,8112.25,7919,5946,2880.75,1732.75,873.5,1180,1317.25,1122.25,1154.75,1966.5,910.5,770,1572,2460.5,3648.75,2998,5214.5,5562.75,6282,6715,7966.5,9456.75,9114.5,7173.5,6244.75,4637,3406,3885,4507,3233,4480.5,6372.25,7265.75,8630.75,9118.75,9193.75,7301,6885.5,5676,2345,984.75,797,1625,1734.25,2799.25,4474.75,4822,5335.75,4907.75,3377,1298.25,911.5,601,668.5,911.25,1415.75,1588,1392,1402.25,1644,5157.5,6232.25,2563,1657.75,1304,918.25,1421.25,1293,1510.5,1899,3037,3323,4414.25,4421.75,3259.5,3419.5,6771.75,4789,3510.25,2536.5,1659.25,1542.5,4564.5,7512.75,6303.75,5139.75,3331.5,3126.75,3139.75,1159.5,2958.75,3839.25,4310.25,5207.75,5811.75,4634,4717.5,4157.5,4960,3759,3152.75,2459,5570,8458.75,8937,9437.75,7881.5,9238.25,10765.75,9950.5,7393.25,4801,5605.75,5117,5017,8542,8463,6301.5,9145.75,7569.5,6698.5,7922,5858.5,4639.75,5086.25,5997.5,7115.75,4903.75,5532.5,4030.25,5545.5,7965.5,6225,6894.75,6789.75,8082.75,10099.25,10928.75,11333.25,10750.75,10370.5,9482.75,9574.75,9480,8073.75,7786.25,8388,4641.75,2028.75,1458,1595.5,2651.75,6979,5495.5,4565.75,3020.5,3244.5,7992.5,8784,7563.25,10196,11995.75,10979.5,7329.75
11405,10216.5,9498.75,9171.5,5018.5,2735.25,2556.5,2251.75,1929,1730.75,1695.75,1861.5,6304.75,8348.75,9464.25,8424,7850.25,4918.75,2597.25,1774.75,1457.25,1714.25,723.75,760.25,613.75,960.75,531.75,321,1313.5,1320.75,3800,4315.25,3626,4937.75,6221,7057.5,7594,9303.5,10001.5,9240.5,7672.25,6397,4313.75,985,1887.75,1299.25,2891.5,5077.75,7724.5,8427.5,9392,10285.25,7934.25,7172.5,4600.25,3341.5,2976.25,3215.5,3017,4989.25,5753.75,3895.75,3035.75,2885.5,1991.75,1144.5,1192.25,945.75,620,1570.25,1759.5,1985,1845,1517.25,1808.75,2317.5,2939,6644.5,7066.5,3674.5,1468.25,1201.5,890.5,895.5,1446,2732.5,2680.25,3033.5,4604.25,4813.5,1393,4146.5,3048.5,2800.25,1549.75,661.75,2722.75,7601.25,7387.5,6581.5,8476.25,8468.75,3841,4803.25,6659.25,4954.25,3574.25,3764,4548.5,4741.25,6192.25,4916.75,4596.25,3865.25,3029.5,4382.75,2561.75,2660.75,5650.5,7532.5,8552.75,7808.75,7980.5,9932.5,11280.25,10880.25,9847.5,5977.5,4048.75,9519.25,4782.5,7063.5,8411,8755,8814.5,7247.75,7845.75,8031.5,7678,7222.25,5590.5,4810.75,4541.75,3890.75,5194,4444,4457.5,4113.75,4020.75,5744.75,5831.75,7387.5,10467.25,11510.25,11538.75,10773,8956.25,6734.25,8410.25,8876.75,10005,7670.5,4744.75,3237.5,3033.5,1648,4137,3565.75,5592,5406.25,2634.5,1309.25,1864.5,6555.75,6837.75,8565.75,12621,11895.75,11352,9248.5
9252.25,9546.5,8139.25,8189.5,5934.5,2251.5,2230.75,2091.5,1847.75,1626,1685.25,2659.75,7730.75,9135.25,8071.75,5565.5,2035.25,1984,1746.75,906,410,547.25,697.25,684.75,625.25,785,670,648,1457.5,1687.75,2831.5,4038,5534.75,5044.5,6019,6156.25,6337.5,8465.75,8955.75,6187,4423,8495,3553.5,1630.25,1096,1148.5,2298.75,5331.5,6288.75,9464.5,10064.25,10440.25,8771,7199,5285,3970.75,4153,2666.25,2803,4986.75,3107,1590,1322,806.75,1050.75,1425.75,1571,2508.75,3964,3289,4533.75,5786.5,3384.5,1933.75,1830.5,2256,3471.5,3263.75,3263,2319.25,1267.5,1157,773,737.5,1118.25,1341.25,1527.75,2419.75,2918.5,1827,2297.75,4339.5,1329.25,3674,4247,6372.5,8835.5,8134.5,9858.5,9532,9310.25,8778.5,6469.25,5468.25,8069,7449.25,4570.25,1833,3918.75,7637,4762.25,4881.25,4320.75,4414,3029.5,2240.75,1318.5,1986.75,5350.75,7535.25,8488.75,7210.25,7209.25,9199.25,8052.75,7369,5195.5,5249.25,5731,6359.5,5453.666667,5763,6954,7368.5,7602,7553.5,8136.25,8315.25,8241.25,7929.25,8983.25,9121.25,9209.25,8805.75,9030.25,6586.25,3593,2019,3528.5,4815,4813.75,7182.5,10704,11918.25,11020,11333,10037.25,8866.25,9715.25,10241.25,8770.5,7976.5,9392.25,4986.25,855.5,952,2078,2047.75,2946.5,3353.75,1080,1307.5,5482.75,6889.25,8250,11470.75,12560.25,11131.5,10062.25,7971.25
7181.75,7644.5,9062,5546,5177,1615,2087.5,2001.75,1661.5,1724,2786.25,3906.75,7226.5,8797,5436,2695.5,1558.5,2196,3065.5,1381,715.75,848.25,763.25,779.25,792.25,751.75,1072.5,947,598.5,1843.25,1323.5,1768,1550.75,2491.25,6427,7726,7545.25,7416,8412.5,6573.25,5727.5,6699.75,7156,2527,1457.25,1666.75,3362.75,6412,7105,10176.5,10011.75,7901,7923.25,4653,4150.5,2919.25,2170.5,1476.5,1609.75,1248.5,1953.75,2407.5,1931,3058.5,1315.5,667.75,903.75,2019.5,1792,3704,5811.75,6264.5,5977,3435.75,2256.75,2271.5,2433.75,2224.5,1846.25,1725.5,1424,1012,870,826,956.75,1284.5,1803.25,2814,2528,4462,4142.5,2860.75,3851.25,8543.75,8884.25,9158.75,8496.75,7797.5,7275.75,7720,7388.75,7207.5,6469,6290.5,7678.5,5207.25,2177,652.5,6154.25,7903.75,6114.5,4676.25,5395,4092,3715.25,3006.25,3079.25,2392.75,4243,5300,6813.25,6148.25,6406.5,6668.25,6683.5,6202,4763.25,4779.25,5483.75,6224.5,7152.5,7226,6416.5,7157,8228.5,9013,8876.5,9599.5,10048.25,11351.75,11622.25,10752.5,11130.25,11352.25,9072,8491.75,9430.25,9463.75,8243,5393,4523.75,5719,9433,10753.5,11018,10505,8674.75,5706.5,6474,8599.25,10259,10181,7625.5,4655,839.5,596,945,1323,2520.25,2184,1309.25,4257,7039.75,10088,11982.5,12456.5,10568,8825,8285.25,3529
7613.75,6999.5,6317.25,3793,4397,1509.5,1574.75,2016,1672.5,1857.25,4369.75,5585,8562.75,5645.25,5080.75,2985.75,2620.75,2275.75,3524,1748,1019.75,1044.5,998.75,896,880.75,875.75,894.5,882.25,757.5,4397.75,1478,1789,1149.75,3893.5,7834.5,7781.5,6208.25,6485,7421.25,8765,9375,10799,11814.25,7614.75,2603.25,2646.5,5291,12090.25,10097,8689.75,7264.75,2470.25,4383.75,1051,2243.5,1222.25,3212.5,2815.25,1470.5,3234.75,3511.5,2605.5,2573.25,1970,900.5,350.25,493.75,1083,2767.5,4343.5,5976.25,7150.75,5333.5,1810.75,2101,2487,2583.25,2432,2120.5,1983.25,1963,1608.25,1266,1278,1238.25,1766.5,2674.75,3633.75,4205.25,4551,2252.5,5469.25,7386,8769.25,10880,10725.75,10794.5,8921.75,9375.5,8891,9899.75,6907.25,3969,5164,3275.5,2844.75,1794.75,2132.75,9787,9927.75,9397.5,9036,8746.25,6896.25,5686,7301,2975,2091.5,2065.666667,3500.333333,5006.666667,7165.5,7437,7110.75,5484.75,5022.666667,-9999,4678.333333,5410,6308.75,6641.25,6296,6192,6786.25,7360.75,8365,9724.5,10312.25,10617,10807.5,11338.75,10941,8958.75,7239.5,7351,7091,6395,4063.75,3793.5,4092.75,4040,5402.75,8075.5,8159.5,8051,5885,4642.25,3848.25,8347,9481.75,7342.75,2990.25,3481,6650.666667,3472.25,3467.5,2095.5,1793.5,1857.5,3287.5,6296.75,9437,10241.75,12538,12342.5,10707.5,8534.25,7585,5811.75,1884.5
8119.5,6853.25,4464.5,2437.75,2339,1728,1748.5,3255.25,1476.5,2928.75,3881.5,8815.75,6736.75,5170,6112,3642,2767.75,5465.75,3147.5,1306.25,587.75,505.25,447.5,650.75,965.25,1114.75,1000.5,858,619.25,1014,2045,969.25,1557.25,3308.5,6763,7552.75,3763.25,5839.25,9605.25,10843.75,10873,10333,11870.75,6857.25,4832.5,1421,1606.75,9025,5777.5,4642.25,3120,1111.5,573,1851,1839.25,1606.25,2131.5,2649.5,3725.5,5705.75,4487.25,3188.25,5711.25,1900,1194.25,388.25,491,936.25,4030.5,6106,7471.5,4239.25,4663,4604.75,2542.5,2139.75,2501,2355,2330,2060.25,1895.75,1761.25,1640,1486.25,1250.5,2212.5,3401,3653,8392.25,9242.25,4735.5,7491,9571.25,12315.25,11807.5,10963.75,11221.75,10298,8881.5,8188.5,11812.5,10576.5,5406,5502.666667,3461.75,4427,6969,7918.5,8229.5,9869.25,11523.25,12111.5,11750.75,6454,5532.75,8295.75,3866,-9999,-9999,-9999,-9999,-9999,4533.25,5592.666667,4176.5,3827,-9999,-9999,4890,5202.75,6257.5,6767.25,6748.5,6946.25,7700.75,8275,7936.5,9064,9288.75,9258.5,10353.25,9503.5,7792,6310.75,5121.5,4736.75,4422,4570.75,4821,4076.75,5686.75,5952.5,7610.5,7048.75,5488,3021,3115.75,1553.75,5412.25,6517.25,7999.5,10372,12035.75,12309.25,12667.5,12364.5,11396.75,11150.25,12064.25,12242.5,12286.75,12858,13065.5,12542.25,10508.75,10676.5,8970.25,9253.75,3592,656.5
5565.5,4055.5,2409.5,1646.25,1723.25,2008.25,1692,3855.5,4439.25,4594.5,2675.75,6164,4938.25,4696.75,7121.25,8035.5,6432,4534.75,4410.75,2008,801.25,985.75,1173.25,1242.75,1217,1057.75,811.25,773.25,1031.75,1228,901.5,811,1464,1008.25,2825.5,2914,4705.333333,6484.25,10090.75,10462.5,8538.25,6228.5,8221.5,3445.25,7514,3579,4673.75,4392.75,1233.75,802.5,757,616.25,995.25,2257.75,3709.75,3941.25,4553.75,2914.25,5788.5,7772.25,6250.25,6323.75,5566.25,3715.75,623.5,582.5,779.5,1350,2757.5,1755.75,1982.75,2370.75,2004.25,1598.25,1990.25,1717.75,1950,2009.75,1799,1842.75,1768.5,1717.75,1492,1334,1424,2710,-9999,11375.33333,8457.75,7459.75,9878.75,11253.75,11705.25,12197,12140.5,11938.5,11331.5,9355.75,8710.5,10167.5,10727.25,12377.5,-9999,5862.5,4811.333333,8778.5,9448,9800.75,11167.66667,11225.25,9242.75,13061,11605,312,883.75,452,7500,1285,1651.5,-9999,-9999,-9999,-9999,5945,2836,-9999,-9999,-9999,-9999,-9999,3799,5038.5,6211,7095.5,7488.75,7445.25,7470.5,7174.25,7546.5,6849.75,6798.25,6554,4799.25,5155.5,4320.5,4057.75,4681.25,5880.25,5433.25,5357.25,6712.5,8359,8735,5620.25,3064.5,1028,1641.25,3919.5,6610.25,9525.25,11893.75,11843.5,11460,10781.25,12233.75,12823.5,12986.25,12638.25,12656.5,12295,11978.5,12390.5,12496,11078.25,10823.5,9455,11565.5,7503.25,2290.5,734.5
2447.75,1157.5,1260.75,1304,1379,1235.5,1192.75,2556.5,2051.5,6623,5758.25,5088,4507.5,5646.75,4256.25,2921.5,4964.5,4795.25,4192,1748.75,1220.75,1292,1273.25,924.25,861.5,895.25,1064.25,1088,1433.75,1717.5,1457,1079.25,853.75,1219.25,133.25,2274.333333,10040,8970.25,8033.75,10032.25,9247.5,6090.25,2226.5,995.25,11332.5,4302.5,2789,3928,6195.5,1872.5,1270.5,738.75,2400.75,4523,5428.75,5167.5,3149.25,3235.5,6981.25,6495.5,6932.25,4251.25,1250.75,816.75,511.75,785.75,1253.75,661.5,1649.5,1275,625.75,800.5,1278.75,1587.75,1527.75,1516.25,2036,1466.75,1756.75,1767.25,1353.75,1123.5,1182.5,1996.75,2886.5,3991.333333,9305.5,10219,10928,10833,12385.75,13060.25,12684.5,11680.75,11299.5,11268.5,11452.75,10475,8696.5,9627.25,11230.66667,12077,-9999,10594,9255.5,10970,6001.25,1089.5,9594.25,11748.5,-9999,-9999,-9999,-9999,676.6666667,498.25,611.25,668.25,608,1050,-9999,-9999,-9999,-9999,-9999,-9999,-9999,-9999,3231,-9999,500,1224,4398.5,4233.75,5425.25,5252,5386,5791.5,4756.75,6550.75,7346.25,9875.5,10451.75,11091.25,9545.25,9421.5,8288.5,7298.25,7686,7371.25,9853.5,10663.5,6109.25,3375.25,806.25,399.5,1343.25,4254.5,7058,10285.5,12560,11313,10473,12316,12322.75,12964,12865.5,11388.5,11973,11063.5,11696,12155.5,10520,9271.5,9125.25,10268.5,10390.5,3835.5,496.25,587
884.75,917.25,1112.25,897.25,726.25,755.5,793.5,1663,1501,4536,4890.25,4616,7492.75,8071.25,5543.75,6062,6886,5386.25,4708.5,3008.5,2170.5,2184.25,1798.75,1750.25,1687.25,1792.5,1881.75,2130.25,2316,1882,1711,1281.25,769.75,570.5,1580,6886.75,6344.5,6915,8263.5,9577.75,10538.25,8021,5456.75,1102.5,5058.25,1867.25,811,336.75,5724,2142,5801.25,4642,4521.25,2879.25,2994.75,2370.25,2557.75,4509.75,2983.25,2906.75,5601.5,1831.5,546.5,628,723.75,843.25,813,800.75,1204.25,1729,2605,981.25,1031.75,2019,1716.75,2561.25,2072.75,2140.5,1905,1460.75,1429,717,641.75,1036.5,2764,12020.66667,11373.5,9722.5,9516.5,11665,10993.5,11766.5,11702.5,11807,12005.75,12575.5,12079.75,11874.25,9806.5,12039,11734,12275,12802,12475.33333,-9999,11466.5,11225,3013.5,1191.75,2347,6488.333333,11312.33333,12725,-9999,1800,577.3333333,567.75,578.3333333,406,524.75,304.75,374.5,353.75,289.6666667,311,-9999,-9999,-9999,-9999,1491.5,2637.666667,2292,5215.75,6151.25,6297.5,3971.75,5775.5,7173,5365.25,7136.75,12163.75,11123,12725,13111,11406.25,11423.25,12515.75,13419.25,11942.5,10578.25,11258.25,8017,2132,776.75,652.75,645.25,3857.75,7307.75,7295.5,10616.25,11593,11688.25,10454.5,11026.25,11041.25,10175,10574.75,7839.25,10889.75,10976.5,11345.75,11259,10167.25,11068.5,10434.5,10975.5,3848.25,927.25,1191,746.5
412,490.25,542,459.25,490.5,504.25,487.5,493,440.25,886.75,1285.75,2688.25,3207.5,5864,7017.75,4155.5,5893.5,6486.5,4554.75,5602.25,5303,3380.25,2696.25,2390,2279,2187.25,2162,2065.5,1984,1426,1123.75,1656.5,4208.5,6912.75,7523.5,9543.75,8343.25,10287.75,8587.25,13270.5,10061.5,10605,8450,8630.5,2905.5,2646,2386.25,1371.25,2707.5,1188.5,1372.5,2240.5,1460.75,1571.75,1003.25,1137.75,1380,1428.5,1307,723,888.5,516.75,562.25,558.75,662,900.25,585.25,793,871.75,1019.75,2292.75,2350.5,2167.75,1300.75,2015.5,1297,1181,1349.25,1510,1490,1389.25,4142.5,4118,1063.333333,6746.75,6426.25,7455.75,8312,10668.5,11422,8827.25,11697.5,11993.75,11398.75,12487,11827,12307.75,11712,12568.5,12831.5,-9999,-9999,-9999,-9999,-9999,-9999,13800,4204,438.25,2037,8947,9095,7379,-9999,-9999,-9999,-9999,-9999,192,442.3333333,473,436.25,396,505.25,416.75,479,156,-9999,3921,6403.5,2782,6357.25,9593.25,9801,4009.5,2110.75,4320.75,4216.5,4625.5,5659.25,7477,7431.25,9923.25,9561.75,8446.75,11931.25,13334.5,13855.25,11716.75,10402.5,9623.5,3839.25,798,1506,2085,10135.5,10178,8975.75,11140.25,12261.25,11263,11229.25,11266,9151.25,9931.5,10871.5,9970,8861.25,8352.75,10810,10560,11084,10900.5,11455,7944.25,2842.25,926.75,1118.25,1016.5,1141.75
419.5,444.75,438.75,574,574,560.75,562,600.75,781.5,743.5,1198.75,1657.25,2213.5,2540.5,1788,4081.25,4159.5,7270.5,9159,9176,8354.75,6228.5,3451.75,2708.5,2343.25,1880.5,1828,1967,1852.25,2081.25,5090.5,6549.5,7887.75,6609.5,7858.5,8759.5,8634.5,7192.25,10124,9527,8454.75,8110,7971.5,12997.25,9843.5,2493.5,1389,2394.25,4754.25,7080.5,5769,2354.75,3013.75,2733.75,1532,678.25,823.5,669.25,547.25,733.75,582.25,514.25,647.25,857.25,713,708.75,1925,2012.25,3694,5076.75,7558.5,6078.75,7482.5,8295.5,11812.5,5932.25,2552,5052.25,1960.75,744,814.75,2940.75,2235.5,3143.5,5298,6879.25,7402.25,7961.25,7273.75,8652,10252.5,11747.75,12522.25,5800,12945.75,11672.33333,11575,-9999,-9999,-9999,-9999,-9999,-9999,-9999,-9999,-9999,-9999,-9999,576.6666667,2648.5,6501.25,7977.25,6585.75,13550,-9999,-9999,-9999,-9999,492,728.5,550,506.25,429.25,546.5,675.75,617,1178.75,3757.666667,3564.5,5738.5,4493.666667,8320,3886.5,2348.25,2495.25,5141.75,6234.5,7805.75,10783.5,11729.25,11083.5,11256.25,10447.75,8062,5831.25,7621.5,11373.25,11865,10263.75,10852.25,5574.75,3965,5595.5,5260.75,7495,12384.25,10998.25,11883.75,12923,11766.75,11554.25,11244,12848.75,7732.25,7199.25,9463.5,8884.75,11949.75,10518.25,8617.75,8445,10832.75,9570.75,5869.25,1137.75,500.5,634.5,777.25,830,809.75
493.5,575.25,668.25,700.25,955.75,1402,1525.75,1011.5,888.25,1371.5,2134,1906.75,3165.5,1791.75,4769.25,8490,9760.5,11234.75,12781.5,11497.25,8858.5,7598.75,5288.5,2400.25,1630.25,1701.75,2067.5,2374.25,2770.25,5777.25,6617.5,6545.25,4932.75,8329.25,9486,8316.5,7233,2708.25,9733.75,7926.5,10705.25,8298.5,4934.75,8853.25,5828.25,5909.75,5382.75,6915.25,4347.75,4671.25,3065.75,1344.5,1767.75,2842.25,2152.5,1541.75,748.25,476.75,561.25,594,620.5,684.5,930.25,871,2218.25,6990.75,8791.5,11559,12534.5,13037.5,12229,11978.5,11682.5,10314.25,13824,5103,2928.75,5689.5,6083.5,2106.25,1424.75,1287.75,2415.5,4246.5,4645.75,4597.5,7176,10033.75,12098.25,11087.75,11345.25,11955.5,12739.5,6346.5,13856,-9999,-9999,-9999,-9999,-9999,-9999,-9999,-9999,-9999,-9999,-9999,-9999,-9999,720,1178.75,2778.25,6407.25,4746,-9999,14470.5,-9999,-9999,-9999,725.3333333,1917.75,701,641.6666667,511.75,544,524.75,1508.75,3005,3529.25,5126,7049,5992.75,8678.333333,5250,5421,7313.5,7349,10623.25,11988.75,12262,13421.75,13214,12786,12336.5,12391.25,10994.5,6059.5,6866,5207.75,7241.25,9191,8649.25,10591.25,7859.25,9531,10744.75,10120.25,11659.5,11708.75,10687,10226,10829,10837,8000.75,3330.25,3169.5,4216.75,4648.5,6601.5,5116.75,6846.75,7492.5,6541.75,2372.75,1097,1606,721.5,590,747.25,855.75,683.75
9935.25,780.75,708,813,1150.75,916,758.75,1137.5,1134.25,1155.75,966.25,838,888.25,4693.25,11003.75,10306.75,11748.75,12553.5,9055.75,5956.5,4525.5,3577.5,2753.75,5488.75,2405,1279,5928.25,6822,10885.25,10507.5,12521.75,8502.5,8155.75,9733.5,9041,10358.5,9511,10861.5,6762.75,3391,4601.75,9170.75,10555.5,8514.5,7139.5,8199.5,3960.75,6474.5,4452.25,1637.25,2894.5,5007,2102.75,3212.25,4787.5,5080,4611.25,4914.5,7067.25,8551.25,8757.25,7921,9761.75,10121,13095.25,13699,13925.25,13327,12479.5,11656.75,9584.5,11242.75,12894.75,12097.5,10553.75,3142.5,3176.75,4306.75,3792.75,1505,1018.666667,2787.75,3862,3921,3931,5511.75,8888.75,12194.5,12164.75,10538.25,13042.75,12993.5,13541.25,11353,14317.5,13527,-9999,-9999,-9999,-9999,-9999,-9999,-9999,-9999,-9999,-9999,-9999,-9999,3526.666667,1684,1021,2485.5,9177,12715,-9999,-9999,825.5,834.5,630.5,584.5,586,642.75,641.25,841.25,555.25,3354.75,5641,5818.75,6789,7517,3806.75,1626,2838.25,4620.5,7285,11009,12289.25,14192.75,14157.5,13046.5,11561.5,11224.25,10466.5,13478.5,9036,3216.75,9539.75,3577,3644.75,9075.75,13638.75,12076.5,9211.75,6862.75,8891.5,11964.25,9145.75,5865.5,5856.75,7084,6160.75,4713.25,1320.5,1036.75,2992.75,2359.75,2734,1758,1726,3718.25,2928.25,1085.5,853,1272.25,2195.5,2840,2042.25,933,933.5,541.75
11267,614.5,2299,3022,2388.75,1174.25,758.75,791.25,1680.75,5334.25,7656.25,7914,9152,10925,13087.5,12711.75,12463.75,11251,4749.5,4483.5,4942.25,3894,2914.25,2334.75,2185.5,1049,9533.75,9605.5,12042.75,13584.75,11851.5,7097,10650.75,12761,12351,11840,9879.5,12082.5,943,1967.25,5203,9052.75,8280.75,3708.75,8625.25,8666,10443,6220.5,5340.25,2963.75,3272.666667,12242.25,10837,10230.75,9610.5,11916.75,10723.25,9481.5,9856.5,10487,7978.75,7391.75,11393,12995.75,11465.25,13077,13291,12087,11068.75,9011,8751.75,9321,8433.25,8536.5,5013.5,4058.5,1632.5,3529.5,5519,4180.75,2672.25,1610.5,4241.75,3757.5,4102.5,6321.25,9614.5,12273.5,13051.5,11152.25,13283.5,13749,14042.5,11953,14110,12932.5,13151.33333,14817.66667,-9999,-9999,-9999,-9999,-9999,-9999,-9999,-9999,-9999,5629.5,7264.75,4541.5,922.5,4247.75,4883.75,-9999,1911,1573.5,899.25,892.5,621.75,4335,5456,3256.5,7932.25,1230.25,5678.75,8192,10406.25,9418.5,8447,6432,1988.75,475.5,1249,2510.75,4569.25,9448,12744,14773.25,12959.75,13006,11294.5,13811.25,10787.75,13272.5,10305.75,12323,4605.75,3491.5,7975.75,12269.5,12235.5,11028.25,9925.5,9927.5,10150.5,6950.25,3842.5,2099,860.5,3675.25,9037.25,5036.25,2060.25,1040,1161.75,2567.25,3853.25,555.5,760,658,574.5,780,1601.25,2893.25,9892.75,8581.5,7659.25,7662.75,6640.5,2821.75
10531.5,7670,8338,6976.25,6979.5,8288.5,5250.5,5702.5,10206.25,11139.25,11863.5,9826.25,12575.25,-9999,11264,10290.5,5543.5,4937.75,5358,6112.5,2782.75,2169.5,2475.25,2390.75,1624,1737.5,7651.5,12247,13950,13011.5,9051.75,10153,13356,12993.5,11863.5,10468.5,10259,4239.666667,3596,2911,7565.75,8394.5,7123,9320.75,8327.75,8389,5841.25,3109.75,7195.25,7722.5,-9999,9928.5,10037.25,11063.5,10833,9456.5,6973,5090,3767.75,5513.25,5833.5,7719.25,8217.5,8954.5,10416.75,11554,11077.25,8167.25,6847.25,5631.5,5076.75,4184.75,4715,10679.25,11186.75,1416,5339.5,6779.5,7077.75,3369,734.25,1170.5,3379,6324.5,6551.5,9351.75,9584,13112,12660.5,13711.25,12541.75,13400,11629,12289,13270.5,13414.25,12348.25,9790.333333,13004.33333,3862.75,3740,-9999,-9999,-9999,3050,9734,11686.5,6304,7551.75,4711.25,2574.5,4616.5,2522.5,1443,2063.5,4644.25,2918.5,2554.75,6367.5,12745,12857.75,7894.25,5052.75,2817.5,3961.5,9025.5,9430,7581,8846.5,5822.5,3440.25,1564.75,3246.5,7515.5,9603.5,12568.5,13342.25,13773,14130.25,13032,13810,13984.5,13999.25,14514.75,12438.5,11030.75,5134.75,3418.5,7128.75,7222,9699.75,10564.5,10508.5,10913,10563.5,4488.25,1347.25,3586.25,3128.75,10732,11998,9672,3706,3907.25,2286.25,2752.25,6990.75,8738.5,6987.25,8660.5,6859.25,5484.75,7778.75,12781.75,13566,11179.75,13195.75,13724,13075.25,10720.25
6479.5,12757.5,13898.5,12329.5,12647.5,12833,12995.25,12248.25,12194.5,12062.75,11200.5,12141.25,12637.75,-9999,8186,6124.75,2737,4429.25,2058.5,3201.25,3720.75,1394.25,943.5,1518.75,1672.25,1906.5,13490.66667,14026,13073.75,12706,11671,13230,14489.75,12381,11489.25,9449.5,7170.25,2402,1621,1955.75,5982.25,9762.25,10175,10588.75,10211.75,10197.75,10154.75,7935.25,8432.75,9561.5,4556,5438.25,7195.5,9814.5,5736,2225.25,2320.5,5796.5,4406.75,7701.5,8538.5,7491.25,9243.5,9806,11234,8081.5,5633.25,2969.25,4050.75,1095.75,1335.25,1890.25,1908.75,2549.75,3160.75,1615.5,5526.75,9455.75,7669,3583.25,3437,2472.75,4073,10344.5,11543,12167.75,7372.5,8428.5,13091.75,14895.75,13536.75,10698.25,7825.25,9140.75,12165.5,13794.75,11749,10331.5,8070.5,4262.5,2095.5,7291.333333,10940.5,8085.25,7777,9249.75,9815.333333,2822.666667,5815.75,4499.5,2750.333333,1898.5,942.6666667,1119.5,6322.5,5802,1991.5,4391,5859.75,8508.75,10734.5,11610,8708.75,4748.75,6047.75,7298.75,5339.5,5137.75,5025.5,5903.5,3054.25,4040.75,9807.25,13038,13690.25,13543,13203.25,12929.25,12662.25,10960.25,12355.75,13865.25,13023.5,11270.25,8697.25,6290.25,3763.5,7040.75,7266.5,8490.5,11678.75,5933.5,5503,8839,11399.5,12419.75,10287.25,8870,11094.5,11224.25,8636,7310.25,9238.5,5457.5,3814,7586.5,10882,11979.75,12161.75,11914.75,11076.75,11502.75,13300.75,12998,11683.25,11699.5,11845.5,13301.75,13345.75,12637.25
5557.5,13998.5,13174.25,12659.25,12492.5,12615.75,12176,12087.75,11811.25,10937.5,10614.25,10971.25,11666.25,7232.75,3007.5,3040,4492.5,4828.25,3440,1392.25,2716.5,718.25,1171.75,2441.75,2896,6149.333333,6995,10432,7780.5,10660.25,9465.75,10348.25,11993.5,10711,10895.25,9629,3779.75,2388,650.5,3760.25,5428.75,5500.25,9194.25,5873.75,8472.75,8873.75,6895.75,8420.25,7817,10202.5,10389.33333,10948.25,7615,5112.5,5051,4989.75,4469.25,6633.75,6703,6173.25,8610.25,9786,9463.75,12095,11176.5,10279,10660.5,6888.75,5269,1999.75,1155.75,1393,1304.25,1185,1126.25,1097,1263.75,2368.25,3536.25,4965,4673.5,4422.75,9780,9094,11295.5,11445,6398,9986,12799.5,13995.25,13082.5,10403.75,8074.5,9776.75,11337,13789,14048.25,13364.75,11127,13664.75,12907.75,12817.75,11602.5,11445.75,10930.25,12479.25,7756.75,5701.5,6410.5,6156.25,7976,2614.666667,3015.25,3404.75,4376,5420.75,1627.5,2905.5,9175.5,12955,13259.75,12304,10969.5,11336.75,7902.5,9142.25,6529.25,5110.75,4941.25,7185.75,5517.75,10778.75,15012,14201.25,13903.75,12308.5,11847.25,13197.75,14077.75,13793.5,13785.5,12264,10905.25,6885,5447.75,8579.5,10128.75,9327,4845,6050.25,11024,8185.25,9827,11644.25,13693.75,13563.75,12762.25,11338,11580.5,10935.5,10212.5,8661.75,6656.5,4989,7733.5,9321.25,7759.75,6857.75,7155.5,6854.5,9420,8866.25,8673.5,7997.75,9858,10616.5,10541,11703.25,12233,10621.75
9866.25,6782,8031,10122.5,10355.5,9236,9780,9147,9258.25,9782.75,8383.25,8377.25,10334.25,3620.75,1821.5,5184.5,9586,9448,8799,7580.25,5479.25,3658.25,5268.25,7409.75,6969.5,5852.5,2316.5,3902.75,5241.25,5263.5,6606.5,10284.75,11465.75,10398.75,8769,6700,3440.5,4302,9003.5,12407,9920.25,11529.5,12407.5,11277.75,6299.25,4630,6539,8495,9668.5,10520.25,13196.25,7703.75,7424.75,6458,5841.5,7081.75,6957.5,9277.75,7867,7372.5,9120,9972.75,9135,8887,9505.5,9128.25,9254.5,5942.5,4358,3358.25,1679.25,1612,1884.5,2450.5,3603.25,2152.25,2438.5,4570.75,6887,6395.25,5610.5,6965.5,9365.25,11085.75,12124.5,13068.5,5406.5,9603.5,6909,12190.5,10407.75,8600,7040,5937.5,7035.75,11436,11942,9461.5,5926,9529.5,12833.75,14176.75,12720,12642,12792.25,10144.5,7189.5,7745.25,7765,11103.75,8643.5,3170.5,1534.666667,1856,9808.75,6909.75,1390.75,2209.25,10084,13247.75,13346,13019.75,11218.75,12158.5,9161.25,8783.5,5225.5,10631.75,10683.25,10229.75,5725.25,7375.75,14173.75,13712.75,13729,13989,13233.75,13727.5,13630,13391,11895.75,11298,10681.5,8441.5,7058.75,11025,11670.25,10953.5,3387.25,6587,10225,9950.75,5632,6965.5,11174.75,11139.25,12045.5,13539.75,11156.75,9598,8918.25,10920,7336,7373,10757.5,10299.5,6769.25,7280.75,6068.75,6085.75,4900.5,6912,5562.25,7276.5,8761.75,10251,10607.5,10762.75,11637,10750.25
15708.25,10171.5,9100.5,5481,5305.5,5352,7006.75,6625.75,6128.25,6406.75,6423.75,5336.25,4970.25,2381.25,1065.5,2551.75,3866.75,6937.25,9672,8521.5,4933.5,3356.25,4504.75,2445.5,6762.25,11867.25,822.25,2391,3763.75,4835,4644.5,6659,8649.5,6835,4160,2061.75,2843.25,3052.5,9769.75,13034.25,9056.5,8729.25,10041.75,5980.5,2825,4200.75,6803,7346.25,10885.5,9741.5,9230.5,3414.5,5815.5,7204.5,5413.75,8785.75,8988,8319.25,8214,8837.5,10652.75,13083.5,12618.5,8320.5,9172,9272,7534.75,5908.75,6034.75,7202.5,7558.5,7751.75,8140.25,6667,6473,3210.25,6397,5938.75,7128.75,7672.25,7508,10826.25,11055.5,12584,12087.25,9306.25,5755.75,10672.5,8475,7154.5,9760.75,9645.75,9957.75,10552,11116.25,13051.5,7266.5,6698.25,7182.75,6636.75,12539.25,14585.75,14559.25,13943.25,14108.5,11546.5,5662,2951,3041,8269.25,9827.25,8148,4288.75,11020.5,10631.75,8962.5,1954.25,1542.25,8447.5,12231.5,13057.25,12140.75,12966.5,12262.5,7192.5,9280,8167.75,8644.25,9219.75,5703.25,6937.5,7309.5,11199.75,12432,11856.25,12248.75,13613.5,11233.5,12429.5,12291.75,9780,11520.25,11041,4231.25,6678.75,10942.75,12276.75,9902.75,3303.75,2713.25,5355.5,4769,5027,5407.5,10005.5,9926.75,11289.5,11511.5,11539.25,7588,10399,9515.25,8652.25,7642.75,6937.5,8424.75,6714,5881,3673,3752.75,3299.75,4594.75,4067.5,5811,8521.5,9050.5,9453.25,9158,11160.25,8517.5
12557.5,6272.75,6462.5,8168.25,5406.5,4826.75,4599.5,6368,5091.5,1247.5,1986.25,1441.75,1168.25,861.5,876.25,1765.75,1838.25,2346,3750,4586,1308,1432.5,1049.5,1427,3988.5,5814.5,842.25,1780,3304.25,1087.75,1203.25,2264.75,2543.25,2758.5,2846,1096,1203.25,2882.75,3157.25,6407.25,6910.5,4387,3208.5,2056,1335.25,1956.5,3081,2657,3287.5,5449.75,7061,2466.75,5096.5,5842.75,5454.5,9528.25,8591,8405.5,9831.25,9725.5,12697,14854.25,13319.25,5641.25,7111.75,5569.75,6129,6456.25,5662.5,5428,7662.25,11318.25,12977,8910.25,5139.5,3398.75,7901.5,6474.5,6738.25,5521.25,5761,8965,7148.5,10181.25,10810.5,8650.75,8544.75,11660.25,5337.75,4402.5,8336.5,12257.5,12934,12290.75,9797,10927.25,10091.75,12034.75,12987.25,11660.75,13290.5,13269,14237,13816,12309.75,10106.75,6621.75,2458.5,1787.5,4479.5,4668.75,3054,6392.25,9302.75,11237,9219,4820.25,2721,5894,8213.5,10417.25,9650.25,9993.75,9831.5,6385.75,5052,9036.5,9186.5,9821.25,6786.75,9779.75,9754.75,8497,5990,11313.5,12224,13452.5,12050,10522.25,10704.5,10974.75,8200.75,7127.5,3726.75,9620,10167,8801,11857,2635,6007.5,6341.75,2685,4769.5,3158.5,5112.5,8422,9685.75,12978.25,12131.5,6808,10820.75,6570.75,7899,8061.75,8940.75,8508.75,7396.75,8306.75,7136.25,7416.5,4728.75,4149.75,6848.25,6394.5,9494,9355,7325.25,6622.75,6877.75,8086.5
3224.25,6366.25,8477.25,4665.25,4980,4270,5898,9305,6910.25,3352.25,800.5,1119,1588.75,884.75,867.5,957.5,884.5,1152,973.5,1264.5,890.25,770.5,1085.666667,897.75,1676.5,1158.75,1028,840.25,2708.25,1302.75,1665.5,1141,647,879.5,997.25,828.25,750,1477.25,3130.75,959,2595,1348,1514.5,1029,648.5,1660.75,4656.75,2856.75,1831,3757,3729.5,5136.5,5126.25,7004.25,8113.5,7769,9115,8647,8880.75,11639.5,12463.75,13798.25,10851.25,5510,7844,7311,7642.75,7957.75,8214.25,8140,6322.5,6922.75,10130,10739.5,11496.25,3597,3482,4993.25,5225.75,5666.25,8416.5,10283,6420.5,7589.25,7881.75,6684.75,8108.75,9623.75,8401,5849.25,5644,5451.5,6098,6489.25,4338.5,6478.5,10844,12260.25,14016,14271.75,14143.5,12611.75,14063.75,14127.75,14018,12924.75,10293.75,7580,8367,1850.25,2425.75,1834.5,2557.25,2904.25,9530.25,7796,2215.5,6634.25,9162.25,7256.75,4125,6924.5,3403.75,1406,1103.25,2380.25,5666.25,5613.25,10595,10308.25,10434.25,7176.5,11127.75,10549.25,7875.25,12013.25,13753.75,13710.25,10587.25,8948.75,8313,9438.5,9347.75,8319.5,9597,6264.75,6893.5,12374,6209.25,6594,6406.25,4865,4944.25,4405.75,5923.25,9184.25,11532.75,11056.5,6087.5,4838.25,10617.5,9582,10416,13265.25,13048.75,12091.5,11359,8425,8643.25,11888.75,6263.25,8681,10224.25,10926.25,11910.25,12479,10304.25,9211.25,9658.75,7502.75
9753.25,8786.5,7954.25,7779.25,4818.75,2166,1366.75,2233,1985.75,2004,922,1278.5,1273.25,1255.75,1143,663.75,920.5,928.5,1172,2354.75,1918,1161.5,1016,1295.75,1163.25,769.5,1076,724.25,1025.25,946,861.5,622,748.5,828.5,787.75,913.5,737.75,549.75,726.5,964,862.25,862,706.5,743.75,940.25,1804,1930,988.25,1477,2738.5,4280,6878,10326,8165.5,8164.5,6021.25,7729.5,8574.5,9036,10763,10930.25,11214.75,9757.25,6512,9892.75,2934.5,1608.5,2597.75,5845,11635,8279,5632.75,9043.5,12357.75,8805.25,5671.5,3562.75,5966.75,5307.5,5941.5,5614.5,7823.25,5920.25,4464.5,3794.5,4223,3641.75,3435.5,1994.5,840.75,2352.25,3102,5072.5,5786.75,5327.5,7470.75,9250,14181,13707,12970.75,14144.5,13785.25,12896.25,12922.25,12879.5,12527,11974.5,7806.75,9537.25,8556,6167.75,2960.5,4946.75,4510.25,5766.25,6323,3311.25,2836.25,9237.75,7871.75,10208.25,11836.5,3727.25,1072,1512.75,3061,6302,6613,5672,6159.75,5034,2095.5,6577.75,8163.25,8204.5,6232,7422.25,6636.5,7006.5,8729.75,11292,10696,8639.75,8218,8390.5,8306,8368.5,14119.5,9532,7479,6227,2472,2709.5,6311,10744.75,8805.5,8689.75,2496.75,1910.5,2895.5,4290.75,4200,6204.5,7687.5,9842,10361.75,8541.75,4241.5,6850.75,7540,11280.25,12250.5,7425,9618.75,13024.75,11959.75,12840.5,13756.75,13777.75,12850.75
8840.25,6614,11740.75,8542.25,4519.5,3166.5,3856.75,2015,1746.5,3033.5,2299.5,1974.5,1721,1468,1480.25,4022,3732,2935,2591.25,2002,1799.25,1491.5,1934.5,1868.75,1419,699,747,740.75,958.25,909.5,835,1133,1158.25,833.75,766.5,849,788.75,658.25,1592.75,1834.5,2034.5,1290.5,1164.25,1330.75,1062.25,947,746.5,1164.75,1398.5,3257.5,4848.5,4445.25,9519.5,6446.5,7786.25,7377.75,8662.25,9178.5,8183.25,9977.75,9246,10918.75,7922,10008.75,5553.25,2487,1136,2334.25,3271.75,8330.25,9759.5,6989.75,9240.25,12592.75,9542.25,4954.5,5302.25,4488.5,8104.5,5825.75,2120.75,4149.25,3150,1471.75,1689,2412.75,4955,3275,1215,1053.75,2897.25,7377.75,5865.25,5244.25,6077,5883.75,7564.25,11826.75,14620.5,6746.5,12784.25,13292.5,14028.75,12996.25,12565.5,10844.5,6928.75,4069.25,2745.25,3298.75,6987.5,4555,3798,6662,6160,7709,3058.75,4439,9875.25,12303,13376.75,12363.5,2464.25,1339.5,1415,6223.25,12988.25,13253.75,10854.75,5308.25,1601.5,5437.25,4015.5,5731,5764.5,1310.75,2841,2204.5,5421,8619,9271.5,7448.5,8358,12121.5,10357.5,13264.5,12226,12113.25,9777.75,10353,5923.5,2340,3370.75,5095.75,8800,10950.5,10992.25,5759.75,12333,9938.75,8422.5,8013,5438.75,9620.5,10459.5,9312.75,8678.75,6826.5,6613.75,9262.5,9271.5,11449,7567.75,9490,11628,11043.75,11361.75,12101.75,11719.5,10997.5
11194.75,6332.75,4987.25,3663.25,1261.5,824.25,1065,863,1499.5,1873.75,3527.25,2467.5,3013.75,2114.5,2531.5,5345.5,9092,9501.5,7734,6893.5,3766.25,1654.5,1355.25,2107.5,2125.5,728.75,848.25,543.25,662.75,715.75,1039.75,2751,1491,1054.5,1311,1460,1095.25,793.25,1284.75,1241.5,1755.75,1776.75,3609.25,3627,1987.5,1482.25,3970.75,2015.25,2015,2884.75,6118.25,9138,4382.5,3751.75,5470.5,5941.25,6606,7899,8027,11305.75,12012.5,12942.75,9828.75,7953.75,2301.25,1795.5,1088.75,3103,2603.5,6429,7124.5,8690.25,6788.25,3595.25,10778.5,6919,2119.5,2842.25,7730.5,5993,4460.75,2861.5,1394.5,944.5,1307,1666,1462,3491,1649.5,1740.75,2372.5,8938.5,7545.25,2694.5,3333,3587.25,5592.75,9395,14444,7306.25,10112.75,11546,12413.75,13458.75,12300,7617,3946,2874,2183,2485.5,1634,1112,1624.25,2209.75,3493,4454.25,2873,3011.25,8851.5,11240,10704,9135,1376.25,2888.25,2189.75,10004,13373.75,13168,13559.75,11761.5,10050.25,5610.25,4233.25,6415.5,4488.75,1872,1302,1399.75,3688.25,5658.75,8409.75,8842.25,9181.5,9874.75,11390,12718.5,11033.75,8755.25,8871.75,5618.25,3014.5,4327.75,5209.75,5539.5,5711.75,10681.25,6188.75,7453.25,11244,13250.25,14018,13877.5,11014.5,8038,10966.75,9948.25,10138.5,10779.5,10900.25,8872,7605.75,10757.75,11063.25,12207.5,13764.5,12714.25,11758.25,10157,8153.25,8581.5
8291,3169.5,3592.25,3944,4139.25,5786.75,4696.25,3903.75,4160.5,4664.5,5038,3962.5,2782.25,1215.5,1305.25,2096,6248,8002,4366.5,3346,2132,2127.75,1218,1400.5,1721.75,793.75,721,636.25,699.5,1081,1456.75,1410.75,766,835,1480,1984.5,1511.5,1252,910.25,1781.5,1267.75,826.25,2032,1992.75,2855.25,4009.75,7151.75,3695,1383,2566.5,5926.5,6297,4443.5,3131.75,5323.5,4427,5491.5,7949.5,9742,13210.5,13975,13202.25,12143.75,5913.5,2049,1626.75,1623.75,1273.5,1987.5,3036.75,6668,10114.25,12310.5,7051.5,6299.75,9699,7226.25,3747.5,3398.5,6201.25,1284,2095.5,1109.25,1320,1438.5,1955.5,1472.25,1356.25,2813.5,5891.25,4463.25,4177.75,5408.5,3870,2412,1685.75,1252.5,9353.333333,9797.25,3201.5,4868.25,5244,6312,4570.25,6450.75,4187.5,4427.75,2895.5,2278,1719.666667,1929.25,1231.5,957.5,978.5,1662.25,1585,2728.5,1472,4737.5,5306,8982.5,11095,7379.25,11213,10951.5,11344.75,12411.5,12104,13000.5,13385.25,12887.5,9756.5,3032.25,3410.75,6137,11369,8563.5,3663.25,2273.5,1953.75,4261.5,6393.5,6788.75,7533,9303,9798.75,9371,6107.5,4721.5,1499,1370.75,3607,5600.25,6204,7196.75,6317.75,5829,6734,7312.25,10515.75,12775.5,14013,12185.5,10482,11078.5,10394.75,11171.25,11181,11280.25,8775,3191.75,5698.25,12902.75,12593,13377.75,12804.5,11994,9816.5,6559.75,4523
6911.75,9247.5,9030.75,7406,8956.75,9662.25,9579.75,7415.75,6708,3785.25,1040.75,877.5,1249.75,2398.75,2902.5,1117,1127,2316.75,978,958,2316,2537,1103.75,959.75,884.75,716.5,847.5,2154.25,2013,1201,1456.25,1326.75,1284.5,1136.75,1508.5,1254.25,1092.25,1027,1037.75,1130.5,1098.75,1063.25,1574.25,1695.25,6167.75,6671.25,7127.75,7515.25,2422.75,9377.5,11490.5,9504.25,7775,3546,3818,5204,6231.5,7845,5808,11202.25,9497.25,10951.5,8073.75,2372,1321.5,1643.25,1504.75,2335.5,1663.5,2201.25,3040.25,5117.5,4419.25,6797.75,5695.25,8606,8686.5,4347.25,2959.75,3776.5,4068,2701.5,1469.75,1445.25,1399,2053.5,1233.5,1719,5339.25,1786.75,2875.75,3323.75,4527.5,4757.5,4374.25,2476,1237,6068,4018.25,3274,3065.333333,4342.25,3693.75,2992.5,3056,2993.75,4436.75,4966,2522.25,1892,1009.75,1920.5,1080.5,975,977,828.25,812.5,1456,2786.75,4528.75,5486,10115,11577.66667,9250.5,8903.25,8040.5,12418,11458.5,12652.75,12742.75,10514.5,12015.75,3946,4056.5,14420.5,11977.25,9490,5641.75,7287.25,2602.5,1074.25,3790,5895.75,9350.75,9381,8581.25,12463,11742.5,6306.25,6242,5798.5,10454,9199.25,7938.25,8807.25,7801,10723.75,9295.75,7219.75,11211.5,11178,11894.5,9354.75,11976.5,10288.75,10240.5,11509,10717,8532.25,8486.5,3532.75,598,5508.25,13079.75,12624.5,10876.75,10467.5,10809.75,9686.75,6847.75
9727,9165,7231.25,6896,7064,2787.75,3557.25,5748,3981.75,3473,6282.5,5885.75,3772.5,4184.25,5154.5,5036,1920,796,1104.5,1047.5,836.75,910,866,874.25,860.5,859.5,1180,1115,398.75,1290.25,1389.25,1086,1370.25,2079,2324.5,1712,2216,1568.25,1857.75,1515,1424.75,1208.75,1759.25,2368.25,5528.5,7755,7835,9624.5,8549.75,8661,10876.5,11455.25,8802.75,6257,6285,5294.5,4886.5,4507,2697,7324.75,11466.25,8885,9214,1471.25,1130.5,1384.25,2505,2662.75,2601.5,2867.75,3781.25,2882.25,1150.75,2246,2929.5,3495.75,4032.75,1964.75,4502.25,2821.25,2337,1407,829.25,1425.5,2403,2251.5,1197.75,2602.5,3457.5,2104.5,4449.5,4259.25,2834.5,1367.5,2330.25,1808.25,1219.25,2600,2833.5,9836.333333,1982.5,3205.25,3000,3409.5,3535,3300,2487,2232,2529.75,2826,2373.5,1495.25,627.5,1393.5,982.5,1201.25,1364.5,1843.5,1737.75,1593.5,2052.5,1514.5,3854,4907.25,3872.75,5288.5,9224.5,11211,11066.5,10316.5,10287.25,7893.5,4727.5,1136,-9999,8637.5,4708,2008.75,2155,915.25,993.5,1239.75,4376.25,5527.25,2691.25,3081.25,5625.5,1835.666667,3041.5,4472.75,5408.5,9046,10825.25,10174,10738.5,8825.75,10401.5,12826.75,11032,9747,11483.5,13236.25,12300.25,11633,10252,11613.5,9218.25,7926.25,8888.75,3689,2735.75,-9999,5746.25,6868.5,6925,8129.75,8633.25,7496.75,8420.25,10062.25
6213,4168.75,3732.5,1804,717,3828.25,1744.75,3113.25,1438.25,2396.5,3183.75,3275.75,3215.5,6908.75,7083.25,2237.75,6620.75,6145.75,3218,2714.75,1644.75,1558,1695,1312.75,1119.75,1856.75,2074,1387.5,2270.25,1968,2158.75,1705.5,1527.5,1681,1723.25,1142.75,1409,2182.75,1710,1563,1531.5,1933.5,1569.5,1466.25,1265,2468.25,2050.5,3662.5,3985.5,4388.75,3825.75,5800.5,11112.75,10007,10495,10141.5,7012,6067.25,2972.75,4073.25,9431,6253.25,4088.75,6562,1748.75,1542,2428.333333,2405.333333,2288.25,2674,2678,2036,1123.5,1015.25,1782.5,1478.25,1229.25,1140.75,3416.25,2172.5,3379.5,2243.25,870.75,807.25,1331.25,1124.5,967.75,2032.25,1654.5,1114.5,3995,6030.5,5134.25,1516.5,1303.25,1466.25,2670.25,-9999,3513.5,6597.5,4376.25,4901,2877.5,3372,3502,4390.5,2452,2857.5,1954.75,1488.5,876.25,957,1110.5,1315.25,1867.75,1460.5,1853.25,1834.25,1049.5,963.75,887,1792.666667,1466.5,1940.75,1998.5,1053,2555.5,7724,7589,7308.75,6672,4323.75,3266.5,1825.75,305,2752.5,2262.75,1422.75,2714,3721,3829,3869.5,3485.5,5908.5,792.75,900.25,941,5373,5721.25,6809.75,3474.75,5920,9808.5,7166,9142.75,8904,7923.25,8155.25,6919.666667,3364.5,9237.25,10879.75,10030.5,12073.25,11617,8650.75,7457.25,6828,6506.5,3951.25,1292.75,-9999,695,1382.25,1626.5,1421,758.75,935,864.25,1027.75
1794.75,1575,540.5,647.25,1092,835,793,1464,762,1002.25,693.5,2004.5,5308.75,7813,7507.5,5614,2081.25,3458.5,1638,902.75,845.25,870.5,1114.5,1447.75,833.25,1112.5,843.75,1612.5,2513.5,1908,2537.25,1818.5,2280.25,2298.75,1773.5,1746.75,1659.25,1289.25,1326,1709.75,1572.5,1258,1495.5,1675,2239.5,2024.75,1527.25,957.75,1021.5,3474.25,4316.75,2716,9086,9882.25,10168.25,11146.75,13158.75,11396.5,5372,2055.5,3576.25,9273,6232,4445.75,1759.25,1777.5,2425,2386,1707,2069.5,1058.5,554.75,1024.5,1514,1292.25,1346.5,1322,874.75,1153.25,1197.5,1256.5,1482.75,1682.25,2920.75,1277.25,1660.5,986,1183.75,1163.25,1052.25,1294.5,3359.5,5734.5,3930,1708.75,1413,3715,2193.5,5912,4350,4606.25,3655.25,4008,8240,4640.5,2953.5,3110.25,2182.75,1505.5,1338,777.5,989,1178.25,2130.5,2242.5,2004,1539.75,1785,1231.25,780.25,1108,1428,1063.25,1117.75,862.5,995,1367.75,4184.5,5262.25,5973.75,4784,2274.25,1182.5,1082.25,825.75,885,1541.75,1920.75,4183.25,7376.25,7508.75,7966,7576.5,2398.25,1482,773,382.6666667,6882.25,10407,7199.75,4863.5,2584.25,5116.75,11182.5,9386.25,4318.75,3521.5,3055.75,1684,1016.666667,995,2203.75,1233.25,2727,6534.75,3311.5,755,2752,1925.5,1868.5,1282.75,1026.75,446.25,826,683.5,677.75,474,516.75,454,448.25
414.5,422.25,519.75,468,488,412.25,702,586.75,796.25,645.75,434.25,519.5,1342.25,1387.25,2468.75,5491.5,3001,660.75,764.75,591.5,637.5,611.5,696.25,727.5,798.75,1040.5,1103,1611.5,1436.25,1274,2354.25,1932.25,1417.75,1388.75,2204.75,1749,1322.5,1327.75,1798.5,1820.25,1607.75,1695.25,1578,1477.75,1547.75,1599.25,1377.75,1059.25,890.25,968.25,2345.5,5049.75,6768.5,9997.25,10212.75,11279.25,12426.25,12488.25,11506.25,5827.5,7175,7375.25,5661.75,8939,6067.5,5957,6182.333333,2855.75,3223,1609,1064.5,2677,3378,2500.75,2331.25,1863,1581,1583.75,1316,1505.25,1392.75,1198.75,1306.25,1721,1837.5,1519,1015.5,1077,1532,1705.75,4318.5,2961.75,3381.5,3652.25,3774.5,2935.5,5211.25,2799.75,2606,4684.75,6588.25,7521.75,6436,5077,4045,4652,6113.5,4104.75,1616.25,799.5,390,440.75,1223.5,1340.5,2029.75,2345.5,1331.25,1309.25,1242.25,1102.5,1210,1275.5,1182.25,982.5,803.5,1248,917.25,1132.5,1155,1282,1134.5,955.5,925.5,1052,1210.5,1263.75,1206,1624.5,1064.75,2267.75,3630.25,5296.5,5871.25,4148,2891,1374,3989.75,13615.25,9560.5,9056.25,6503,1826.25,5381,8966,6895,2377.75,1337.25,2204,2386,1093,2078.25,2534.25,3227.75,1928.75,1233.5,1427.25,1997.25,938.5,925.25,1024.5,2160.75,1308.75,833.75,518.5,561.5,434.5,535.75,629.25,756.25,839
440.25,396,422,409.5,388,501,416.75,417,699.25,655.75,682.25,553.75,562.75,1421,658.25,1358.25,1361.25,486.5,587.75,808,675.25,723,770.25,695.5,2266.5,3195.75,2337,1960,1646.75,1486,1925.5,1683,1462.25,1119,1283.5,1675.25,1293.75,1697.5,1629.75,1391.25,1572.75,1682.75,1639.75,1462.5,1150.25,1157.5,1030,916.25,948.5,986.25,840,889,2116,7149,10147.25,11489.5,11705.25,12981.75,12028.25,8930,9771.5,11458,7348.5,7933.75,6036.25,5960.75,8218.5,6104,5566.5,4693.25,3472.25,3459.25,6152.75,3026.5,1208.25,1255.5,2417.25,4730.75,834,1009.75,1191.5,1167.25,873,873.5,982.25,1214.25,1601.5,1397.5,1708,1832.5,2093.75,3049,3994.5,2158.25,1942.75,2996,6508,3473.75,4831,4675.5,5856.75,7109.75,7324.75,8808.75,7356,8980.75,8670,6109.5,2555.25,946.5,515.5,633.5,2018,2567,1640,1373.75,1219.75,1111.75,1273,1178.5,1783.5,1811.75,1485.25,1339.5,1045.5,1682,1823,1498.5,1413.25,1274,1358.25,1440.75,1056,974,808,687.25,1018,1130.25,1595.75,1507.75,1858.5,2113.5,2757.5,3757.25,4133.75,1978.5,2003.5,6954,7303.75,8015.5,7866.5,6797,3307.75,4197,1442,1397,1531.75,2349.75,2392.25,2053.5,2516.75,3447.75,4242.75,3299,3653.75,4413.5,4842.75,3417,2575.75,2151.5,1510,725,569.75,3873.25,6468.25,1726.5,474.5,433.75,814.5,512.5
725.75,609.5,697.5,693.5,583,469,521.5,424,500.5,471.5,555.5,607.25,451,1221,1179.75,672.25,2324.75,668.25,528.75,507.25,750.75,720,1007.5,1929,3237,2538.25,2948.25,2595,3025.75,2783.25,2294.25,1715.25,1720.5,1563.5,1717.5,1791,1427,1768.25,1952.25,1547.25,1540,1907.25,1352,1109.25,1142.5,845,768.25,837.75,943.75,1016,765.5,741,710.25,1403.25,6520.25,11689,12145.5,12634.75,12779,12554.5,11840.5,11410.5,9929,10108,9864.5,8970.75,4492.25,3979.25,4440.75,4102,5232.5,5202.5,5249,4087.75,3769.75,1624,4469.5,9065,2555.5,1431,1436.75,1666.5,985,852.5,868,1511.5,1292.75,1678.5,2070.25,2206.25,2459,2544,1724.25,1348.75,964.5,1501.5,1527,6119.75,7588.5,7137.75,6461,5060.5,5128.5,4783,4833,6645,6498,6562.25,7259,4395.25,523.25,1034.5,2139.75,2275,1523.75,1719.5,1478.25,1167.25,1372,1304.5,1071.5,1221.75,1295.5,1328,1804.5,1979.75,1456.5,1769.25,1671.25,1147,1130.5,1079,1285.5,1306.5,924.5,862.25,1259,1154.5,1911.5,1792.25,2225.5,2640.5,2683.5,2627.25,2509.5,2864.75,1493.75,2162.25,2869.75,3473.75,4053,4028,6718,1693.75,1582.75,1607.5,1881.25,1955.75,1948,4016.5,4850.5,4400.5,2930.25,3920.75,5632.25,6110.75,6674.75,6433.5,5374,6914.75,7015.5,6761.25,4920,2678.75,3129.5,1486.5,1829.5,900.5,780,877.5
1564.5,1097.75,1306.5,2258.5,2013.25,1974.5,1116,1343.25,1064.25,645.75,519,363.75,1191,849.75,2296.75,1372.25,1122,690,477,540,663.25,651.25,708.75,625.75,1191.5,1580.5,2442.75,4147.25,3609.25,2772.75,2359.25,2774.25,3372.25,1694.25,1346.75,1499.5,1911.75,1280.25,1759,1707,1609.25,1381.75,1396.25,1179.25,1156.5,827.5,797.75,850.25,679,749.25,674.5,670.5,759.5,1123,4092.666667,11602,11006.75,13203.75,12509.25,12095,11518,11118,8707.5,8538,9532,6897.25,3940,3775.5,3224.5,3899.5,4164.75,6066.75,6367,6510.75,6902.75,6394.5,6856.25,9853,8859,2482.25,1462.25,1404.25,1057.5,975.5,1670,1663.75,1373,1854.5,2074.5,2151,2233,2419.75,1451.5,1012.75,1085.25,866.5,676.5,2602.75,3881.5,3040.25,2770.5,2391.5,2670.75,1770,1652.5,2340.5,1586.5,2378.25,1397.5,2661.25,1844.5,1086,3442.25,2995,1231,1761.75,1412.5,2022.5,2121.25,2641.5,2358,1971.75,1993.5,1918.5,1909.25,1857,1192,1248.75,1240.75,1289.75,1684.75,1706.25,1260.5,1097.25,1257.25,1072.5,1281.25,1984,2836,1694.5,1873.75,2520.25,3049.75,3873,3685.25,2311.75,1951,1418.5,1894.5,2305.75,2783.75,2299,2026.75,1455.75,1675.25,2293.5,2340.5,1895,1069.5,1588.5,2037,3472.25,3741.75,3757.75,4167.75,4458.25,6188.75,6369.75,4951.75,4800.5,2589.5,4057.75,3840.5,3887,4062,4004,2246.75,4622,3330.75,1869.5
2783.25,3413.75,2669.5,2406.5,4292.75,3428.75,2257.5,1449.75,1423.5,1254,1289.25,1212.5,2694.5,3755.25,2737.75,3573.25,5142.25,2416.75,4300.5,1335.25,380.25,436,643,737.5,979,722.5,1123,1777.75,2545.5,2436.75,1583.75,1111.75,1429.5,1002.5,610.75,1380.5,1120.75,1440.25,1448.5,1476.25,1340.5,1380.25,1286,1276.75,1459.25,825.5,888.5,1018,696,667.25,749.25,611.25,811.75,1627.25,1972.75,7557.25,10000,10657.5,11936.5,11813.75,10927.75,10791.5,10545,10014.5,10122.5,8429.5,3621.25,3096.5,3499.5,4290.75,3269,1804.75,2567.5,2772,2935.75,4626.75,8383.25,10211.5,10528.75,9138.25,3048,1459,1006.25,1470,1560.5,1459.25,1509.5,2064.75,2251,2206.25,2076.25,1953.5,1039.75,725,632.5,461.25,625.25,2411.25,2855.25,3820,4760,3404.75,2874.25,4293.5,2142.5,2268.75,2195,1420.5,1181.5,1160.75,2033.75,3359.5,4477,4309.25,5646.25,4001,2269.5,1151.5,1460.5,1717.75,2078.5,2438.25,2115.25,2059,1955.75,1813,1326.5,1539.5,1458.5,1687.75,1630,1701,1600,1541,1307.75,1452.25,1479.75,1943.25,3054,3071.25,1220.75,1217.5,1455.75,2635.75,3421.5,3567,3460.5,2068.5,2405.25,3089.5,3337.75,3629.25,2554.5,2194,1883.333333,2105,2043.666667,1637.5,1727.666667,266.75,257,264.5,1545.75,6311.666667,6532.5,1294.75,900.75,1455,2198.25,3181.75,2809.75,2926,3424.5,2767,3252.5,3526.5,6557.5,8005.75,7906.75,6230
6159.75,5005,3716.75,2964.5,3909,1731.5,2123.5,1368.5,1034.25,847.5,850.75,829.75,1981.25,7998.5,7018.75,5067.75,3849.25,4442.5,4389.25,4879.5,972.25,700.5,973.25,683.75,992.5,1257.5,575.5,567.5,566.25,659,852.5,687.5,755.25,935,1744.5,1469.25,942.5,2135,1980.25,1089,987.25,819,889.5,1003.75,1125.75,1318.25,1830.25,1127.5,1616.75,2127.25,1161.25,981.5,989.75,2019.5,3351.75,7088.25,8035.25,9578.5,11273.25,10046.25,11411,11749.5,10081.5,9109.5,8602.5,8890.5,6870.5,4479.75,2647.5,2279,2496.75,1828,3086,3366,2335.75,4383.5,8385.25,11512,8748,10993,9700,5683,1387.5,1389.75,1560.75,1650.25,1431.25,1859,2140.75,2336.75,2114.5,1984.5,1231,814.25,640.5,475,330.25,1146.25,2680.25,3652,4685.75,3066.25,4391.75,3087,3114.75,2519.25,2145.5,1304.75,1901,1671,1466.25,731.25,1463.5,3049.75,2847.5,3263,3709,1661,1457.75,1450.75,2235.25,1567.75,2413.75,1787,1866.25,2003,2063.25,2190.25,2095.75,2401.75,2395.75,1555.75,1280,1275.75,1219.5,1210.5,1558.75,1502.25,1190.25,1205.75,1044.5,1173.5,1673.75,1863,2183.75,1641.5,3402.75,6027.75,5437.25,5216.5,2364.5,2298.75,2659.75,3883.5,5072,7407.75,5184,262.6666667,753,167,191.25,250,336.75,905.25,2015.666667,1145,720.6666667,1438.25,1138.75,1273.5,1314,1791,1685.5,3410.25,4169.75,4190.5,2936.25,2355.5,3871,4963.75
4949.25,5789.5,4956.75,6582.25,5030.25,3735.75,1601.25,1037.75,823,733.25,763.5,824.25,1539,3066.25,4781,5610.75,11527,6172.5,5530.75,3930.75,2630.5,2408.75,1525.75,736.25,535,972,1549.75,947.5,693.25,710.75,640.75,645,830.25,910.75,756,1295.5,1261.25,1450,4004.25,5052.5,2571.25,2897.5,1506.75,1197.25,843,1138.25,1713,1094.25,1977,3715.5,2674.75,3089.25,2026.75,3739.25,5908.25,7731.75,7304,7830.5,9510.75,9123.25,9613.75,11160,9979.5,10657.75,10381.75,10036,10145.25,5073.25,2256.75,1828.5,1804,2007.25,1962,1760.75,1766.25,3913,5456.25,9106.5,11620.25,10810.25,9674.5,6865.25,4236,1542,1570.5,1763.25,1506.5,1741.5,2027,2204.75,2076.75,1954.75,1462.25,888.25,576,489,420,558,1776,4323.75,3364.75,3119.75,4644,3039,2590.75,1993.5,1369.75,1320.25,1520.25,1300.75,1409.75,1132.25,940.5,767.75,4031.5,3109,1406.5,2422.25,4328.25,2106.5,1488.75,1298.5,2008.75,2594.5,2505.5,2803,2649.25,2663.25,2377.75,2125.25,1642.75,1515.5,1484,1639.5,1452,1633.25,1207.75,1139.5,1199.5,1433,1740.75,1051.75,791,1131.75,1350.5,1760.5,2418.25,2962.5,3659.25,5142,5201.25,7266.5,7812,7350.25,8772.5,9374.5,4030,276,489.5,202.75,159.3333333,483.75,963,1214.5,2257.25,2369,1688,1496,1332.25,1527,2152.5,3051.5,1100.5,2446.75,2008.5,2889.5,1328.5,1252.5,1805.75,1282.75
5078,5806.25,4693.25,1664,1660.25,2446.5,2383.5,838.25,811.5,1017.75,1927.5,2989,3143.75,3699.25,2404.25,4654.25,8776.25,10415.5,8891.75,5260,1921.75,1370.5,3937,3989,1825,984,927,870.5,762,780.25,1256.75,884.75,923.5,1373.5,3209.5,4725.5,3252.25,2543.25,1931.25,3104.75,4529.25,6988,2792.5,1942.75,1415.5,1273,1687.25,1780,2127.25,2775,2636.75,3179.25,4566.25,5862.5,7099.25,8421.5,7815,6868,7762.25,9318.25,9079.75,8924,9603,10181,8309.75,5251.5,3768.5,2495.5,1413.75,1304.75,1365.5,1481.75,1748,1886.5,1370,1323,4112,6224.25,11143,11685.25,10456.25,8806.25,5185.5,3553.75,1991.75,1346.75,1434.5,1716.25,2045.75,2324,2500.5,2177.25,1684,1187.5,711,593.25,349.75,250,1097.25,3668.75,2140.75,2922.5,3183.5,2364.75,1614.75,1333.25,897.25,1193,1543.25,1691.5,1692,1231.75,977.5,860,1124.5,5382,4550.75,2268.25,3366,7493.75,6129,3493.5,2953.25,3519.5,2677.75,2619.25,2425,2150.5,2196.75,2100.25,1528.5,1139.25,1054,1231,1648.25,1640.5,1707.25,1641.5,1573,1714,2277.75,2429,1970.25,1274.75,1404.5,1518.75,1569.25,2731.5,2536,2562,3224,3311.75,4469.25,5216.5,6783,5647.5,2405,471.5,628.5,392,514.25,1690,2765.25,4451.25,3685.5,2889.25,2472.75,2044.25,4310,4426.25,2701.75,2907.25,2658.25,2301.75,1532,936,564.25,790,2203,3050.5
6157.75,4862.5,3879,3020.75,1812.5,1184.5,1834.75,2315.25,1500.5,2168,1992.75,1764.75,1223.25,1655.25,2870.75,1529.75,3815.5,9387,13126,12164.5,3701.5,3219.5,3524.25,5205,3128.25,4133.25,3211.25,2147,1012.25,1200.25,1966.75,2604.75,1763.75,1634.75,2553,3261.75,3436.75,4620.5,2796.5,2043,3629,3099.25,3101,4816.5,3166.75,1533.5,2020.25,3558,4558.75,2919.5,2595,6720.75,8021.25,7594.25,6973.75,9817.75,8028,6936.5,6587,6280.5,5379.25,5989.25,7911.25,8407,7259.25,5241.25,2767.25,2407.25,2194,1493.25,1320,1266.5,1458.5,1117.25,1099.25,1225.5,1924.5,6221.25,7988.75,8921.5,11559.25,10588,9381,5420.75,4522,2724.25,1574,1353.25,1482.75,1706.5,2202.75,2260,2213.5,1674.25,1314.25,901.25,741.25,451,437.75,1365.5,2452.75,2750.5,2566.75,1222.5,827.25,902,989.75,961.5,1231.75,1187.75,1281.25,1403.75,1133.5,954.5,1044.25,1665.25,4979.75,4426,1419.5,1565.25,5239,7248.25,3998,3922,2561.25,2577.25,2155.5,2124,2051.75,1472.5,1132,1010.75,1029.5,1379,1688,1720.25,3297.25,2841,2562,3668,4002,3074,2885.5,1514.5,1520.75,1263.25,1775.5,2309,4150.5,3354.25,2021,3738,2728.25,2218.25,2267,3428.75,2645.5,805.75,543.75,746.5,478,1732.25,3115,3656.75,3269,1671.75,1669.75,3139.75,1732.75,1630.75,1791.5,1684.75,1871.25,2704.5,2665,1536,431.75,777.25,2095.25,2670
3589.5,3906.5,3696.5,5749.25,3649.75,2877.25,4437,4325.5,2858.25,2852,2582,1624,890.25,778.75,606,462.75,1387.5,3694,11375.25,13223.25,9087.25,5854,3116.75,4765,4332.25,7560.75,6927,4914.25,2567.75,1874.75,1668,2710.75,1241,1142.75,975.75,1394.5,1442.75,2051.25,2700,3379.75,3968.75,3746,2403.75,2825,4741,1897.25,1834.75,3985,5613.75,3078.25,2262.25,5717,8744.5,8545.5,10459,11179,9290,9339.75,8576,7515,7599.75,6186.25,7600.25,6485,5715.75,2479.25,1004.75,1451.75,1663,1697.5,1388,1305.25,1169.5,1171.25,1037.5,992.25,886,2764,7642.5,6378.25,9509.25,10200.75,9657.25,9785,4189,1800.25,2112.5,2068.75,1948.75,1766.5,1604.25,1783.25,2064.5,2121.75,1302.5,1116.75,503.5,545,348.25,669.25,1054,467.5,589.5,672.25,1014,1363,1145,882.5,935.25,833.5,1077.25,1598.5,1084.5,678,806.75,1010,1464.25,4867.25,3695.5,1774.75,779.5,4623,6094.75,5393.5,2969.5,2106,1982.25,1841,1676.5,1356.5,1208,1099.5,1008,1421,2120.25,2949.75,4574.5,5221,4962,3112.75,4724.5,5279.25,4060.75,4069.75,2266.25,1400.5,1383.75,2006.5,2565.5,2706.75,1755.5,1900.5,1591,1210,1623,2907,2299.5,1978.5,1924,1005.5,921.5,1802.5,2894.25,2761.5,2621,1519.75,1835.75,2459.5,1564.25,1115,1331.25,2304.75,2870.75,3612.75,2369.75,459.75,714.75,1058.25,4185.5,1798.5
1215.5,873.25,4266.25,5491.25,4295,6114,8836.25,5369.25,4760,4489.5,2642.25,1688.25,762.5,993.25,2245.5,896,622.25,2694.75,6284.5,9969.5,10423.25,7656.25,5769.5,6426.75,5721.5,7459.25,7825.5,5726.5,2963.25,1497.75,2579,2491.25,1935.75,1701,1557.5,1538,1517.25,1154.75,1542.75,2114.5,4152,4786.5,3483.25,3340.25,4344.75,3088,1814,3719.25,5625.5,2962.25,2253,4146.5,6517.25,7162.5,10300.25,10935,10541,9598,9732.5,9485.25,9192.75,8593.25,6071.25,5496.25,4604,2814.5,1537.75,1975.25,1833.75,1298,1090.75,1035.5,1056.75,1089.25,971,1127.5,915.25,1017.5,2414.25,3627.25,5932.25,10396.5,10000.25,7895.75,8900.25,6150.5,3599,2913.25,1836.75,1837.5,2168.75,1659.75,1890.5,2194.25,2020.25,1308,813.25,666.25,595.75,575.5,836,1022,1590.5,1438.5,1530.75,1377,1295.5,1456.25,959,1230.5,1201.75,1941.75,1614.75,1401,1253.5,1169.5,1507.25,2657.25,5178,3207.75,1846,3120.75,4725,6862.75,6549.25,4264.75,2160.75,1997.75,1733,1816,2402.25,1371.25,1311,1268.75,1448.5,1866.5,4504.75,5029.25,4903.75,5290.25,3315.25,5679.75,5950.25,5633.75,4545.75,1850.25,1316.75,2210.75,2977.5,1444.25,1359.5,1358,1238.25,1332,1491,2483.5,2465.25,3311.75,1924.5,1115,1278.75,1882,2471.25,2053,2158,1537.5,1821.5,1603,1341,1029.25,2059.75,4235.25,3925.75,5002.75,3137,1178.25,1274.75,2473.75,6112.25,3341.25
1091.25,2386,5892.5,5753.75,5620.75,7675.25,10836.75,11644,7618,6091.25,3536.25,2161,1449.75,1228,1253.25,564.5,1416.5,1983.5,4387,7044,10014.25,10888.25,9285,9037.5,9808.75,8717.5,7802.75,6930.5,6444.25,2586.75,3366,3454.5,2712.75,1984.5,1551.75,1416.75,1398,1186.25,984,2397.75,2668.5,5202.25,4408.25,4184,4452,3370.5,3071,1509.75,2810.25,3593.5,1596.75,1869,3384.75,4910.75,9249.5,7686,6342,7545.75,8216.75,8303.25,8363.5,8120,2590,2033.25,1451.5,1359,2118.75,2115.75,1586.25,1181.25,1429,1123.25,1075.75,1046.25,1110.25,1089,1020.25,928.75,876,1098.5,1520.5,5186.75,8652,7419.25,8052,7992.5,6277,4952,3315,1698.25,1804.5,3783,1498,1875.5,2137,1831.25,1603.5,1532.75,1291.75,1219.5,1581.5,2237,1832,1502.25,1307.75,1007.75,1196.75,1001.25,1207.25,1222.25,1135.5,1866.5,1821.5,1826.75,1778,2130,2497.25,2149.25,5091.25,5416.5,4901,4823.75,6578.75,6550,8262.75,6186.75,4869.75,2504.5,1205.25,4819.5,4605.5,2945,2677.5,1959.5,1968,2077.5,1997.5,4667,6089.5,4539.75,4464.75,4795.75,6095.25,5601.5,6039,3742.25,1215,1017.5,1524.75,1737.5,1814.25,1262.25,1533.5,1529,1068.5,1776,2360.25,2080,978,1137.75,1156.75,1500.5,1616.5,1628.75,1402.75,1598,1957.75,1397.5,1016.5,1667.75,3180.5,2426.25,2931.5,4758.25,5117,5670.75,4267.25,5976.5,5833,6440.75
3319,5857.25,7612,7111.75,6675.5,7636.5,11644.25,11080.5,8423.5,6869,4854,3262.25,6088,1950.5,2727.5,2684.5,4390.75,2366.5,3620.5,7905,6900.75,9609,10462,9575.25,10024.75,9935.5,9231,9712.5,5642.25,2881.25,3646.75,5232.75,3387.25,1702.5,1233.5,1109.75,1158,1081.25,1087,2709,3587.75,4689.5,5427.5,4283,6598.5,4240.25,4812.75,1600.25,1766.75,2421,3322.75,1518.75,1201,2513.5,5265.25,5236.25,1988,2776.75,2441.5,820.3333333,368.5,651.5,451.5,644,998,2052.75,1465.75,1339.75,1146,1084,1582,1494.5,1121.25,987,939.25,978.25,1097.25,1046.25,959,832,793,1281.75,3825.75,6007,6408.75,8984,8739.25,6507.25,4041.75,4682,4238.25,4931.5,4067.5,2150.75,2911,5384.5,2216.5,1401.75,1440.75,1477.75,1671.5,1396.25,1094,1212,1154.25,1141.5,1120.25,778.5,893.75,997.75,1064.25,1514,2220.25,2631.25,2347.75,1867.25,3331.75,3424.5,3382,5591.25,6402.5,6402.75,6659.25,7117.25,9157.5,8521.75,6273.75,7005.5,4097.25,6004.25,6642.75,6160.25,3151.75,3377.5,2509.5,1836.25,1735.25,1742,3958.75,5190.25,4478.5,4691,5434.5,5266.75,5433.5,6077.5,2231.25,983.25,1108.25,1373.25,1207.25,1042.75,2389.5,2076,1623.5,4174.75,2273.5,1714,1052.75,1501,1400.75,1384.5,1454.75,1209.5,1434.25,2361.75,1667,963,1276,1934.75,1236.75,1680,4524.75,6586.25,6086.25,4258,6124.75,5110.5,3195.5,4302.5
6135.75,5844.75,5244.5,6300,6571,7286,9563.25,8690.5,6530.25,6378,6678.75,4474.5,5467.25,6299,3775.75,4268.25,4483.5,6377.75,7320.5,9929,8870.75,9255.5,11500.25,10922.5,10046.5,9483.25,8612.75,6526,4261,4068.25,5502.75,5232,2628.5,1134.5,1021.75,1015,966.5,1015.5,1037.75,2331.75,4684,4484,5255.5,6535.5,6108.75,6688.5,5127,3953,810.25,1306.75,1293.75,883.5,885.75,1673,1878,1220.5,600.5,807.25,713.3333333,266.6666667,586,542.25,1117,1868.75,1795.25,1571.5,1500.25,1468.5,1058.75,928.25,1409.25,1427,2519.5,3005.25,2754.5,2453.25,2613.75,1396.25,1423.25,1053,996.5,1015.5,1343.75,3420.25,5447.75,6062,7826.75,9580.75,7916.25,6333,8384,7195.75,7141,6123.75,3707,5651,5567,2593.5,1406,1045.5,1018.75,933.5,827,1006.5,2872.5,3061,2234,1070.5,1136,1308,2541,1786.25,1617.75,1682.5,1521.75,1819,5442.75,4873.25,2621,3666,5757.5,6666.25,6378.25,8189.5,7201.75,8867.25,9540.25,8583.25,6150.25,7783.75,7295.75,6208.25,4586,5029.5,2958.75,2030.5,1664.75,1823.5,1469.5,3281,4229,4780,6139.75,5040.75,5223.75,3974.25,3558.75,1249.5,1031.75,1283,1176,984,2675.75,3214.75,1374,2544.75,3195.5,3572,1292.5,1100,1193.75,1375.5,1709.75,3774.25,2616.5,2033.25,1804.25,2757.25,3961.75,6671.75,4048.5,4974.75,5831.25,5014.25,3667.25,4715.75,3599.75,2076.25,2597.75,8196.75
7904.5,8833.25,6536.25,7694.75,8596,7929,8604,8502.25,7142.75,5450.75,5356.75,4736,4604,4351,5792.75,5332,5751.75,5050.5,7345.25,9010.75,10539,10205.25,9435.5,9366.5,7843.5,8246.5,7228.75,6080.25,4810.5,5095.5,4815,3235,1320.75,1233.25,1165.25,1076,1203.75,1428,1644,2433.25,3596.25,4960.5,5110.5,8379,5983.5,8620.75,5264.75,6125.75,2725.5,955.5,1141.25,910.75,1122.5,2194.75,2198,2941.5,4488.25,6487.5,5068.25,4237,1744,3659.25,2954.5,3637.75,3854.5,2537.25,3312.75,2595.5,2265.25,2518.25,3078,3270.75,3096.25,2538.25,3072.5,3052.25,4355.5,2937.25,2588,1424.25,964,797.75,1089.25,764.5,1327.75,5243,5024,6752.25,8876,9052.25,7485.75,8035,7606.5,8056.25,8459.75,7395,6456.25,4898.5,5363.25,4464.75,3838.75,2964,2818.5,3409,4571.75,4885.5,4031,2062.25,2119.25,1808.75,2034.75,2451,2253,2032.25,1502.25,2056,5235.5,4613,2584,2432.5,4757,7952.75,7817.75,8558,7443.5,9088.5,9963.5,10124.5,9728.5,10379,8136.5,6225.75,4178.5,4688.5,2718,2658,2219.5,2681.25,1537.25,1447.25,3685.25,4181,5778.5,5542,4925.75,2973.25,3807.5,1985.75,1388,1310,2468,1938.5,4251.25,3872.25,2722.75,4213.5,4000.5,1436.5,1014.25,1066,1136.5,1189,1391.5,2655.25,2513.5,3401.5,2893,2810.5,6734.5,7668.5,7661.75,5700.25,3216.5,2592.5,3586.75,5179.25,3902.75,2959.25,3367.75,8068.5
8363,8634.5,8732.5,8964,8159.5,7820.5,8959.5,8429,7328.25,4818,4403.25,4570,3455.25,4992.75,4314.5,2028,4445.75,5364,5286.5,7154.5,9093.75,8165,7386.75,7263.75,7149.5,8372.75,7810.25,6050.5,5116.75,4701.25,4242.25,2735.25,1621.5,1347.5,2068.5,1717.25,1194,1002.25,1065,940.5,1852,4690,4549.25,7465.5,7514.25,9137.5,8160.5,5752.75,5800,2819.75,1449.75,1263,1617,3835.75,4451.75,2995.5,4460.25,6209.75,5840,5068.5,3334.5,2153.75,3230.75,3624.5,3840.25,3095.75,2504.5,2847,2829.25,2949.25,4218,4598.5,4672.75,3443.75,1383.25,1846,3388.5,2798,2557.25,2315.25,2535.5,2283.5,1346.5,943,945.5,2042.75,4209.75,7039.75,5576.5,6524.25,3096.75,5339.75,7734.75,8462,8154.25,7970.75,8364.25,8343.75,8257,8794.25,9402.75,9243,8151.75,6012.25,6432.75,5688.25,4652,4870.75,5719.75,4669,2901.5,2809,3419.25,3670.25,2887,2618.5,2352.25,2166.25,1967.5,2087.5,1871.75,7157.75,9001.25,9939.25,8284.75,8675.5,10577.5,10488.75,9552,8706.25,7818.25,5822,4680,4858.75,4387.25,2480.5,1851.75,2251,1778.75,1276.25,2852.75,4028.5,4584,6019,4592.25,4558.5,4384.25,1966,1620.25,1762,1556.25,3031,5229.75,2954.75,2580,4844,3530.5,2244.5,1091.5,876,1011.5,1250.75,1095.25,1107.5,2586.75,3798.25,2751.5,2826.5,5815.5,6831.75,5204.5,2391.75,1624.75,1635.5,3898.5,3570.5,3717,5166,5862.5,6496.5
5058.25,7898.5,8808.5,8655.25,8130.5,8407.75,8868,8475.75,6654,4902.5,4350.5,4141.75,4593.25,3678.75,2065.5,1305.75,1442.25,2221.75,3739,4490,4420.75,5451.25,4647.25,3886.25,4258.75,4166.5,4680,4462.75,4423.75,4706.25,4609.75,3592.5,1984.75,1398,2092.75,2172,1292.25,883.25,894.5,918.75,1020.5,2737,3234,4371.5,7830.75,9541.5,9673.75,8819,6710.25,4738,3554,2348.75,2273.5,6185.25,7522.25,6498.75,4036.75,2224.5,2579.25,2631,3317.75,2841,3678.5,3944.5,3302.5,2543.25,1839,1597.75,1415.25,3197.5,3660.75,3514.5,3409.5,2524.75,2467.5,2779.25,3400,3562,2894.75,1959.75,2752.75,3257,3875,2639,1752.5,1166.5,2904.5,4666.75,6345.5,5555.25,757.25,1286.25,1868.25,3289,6097.25,7433.25,8100.75,8522.25,8949.5,8713.5,8418.25,7772.75,7517,7878.5,7759.75,7714.5,8204,7789.5,6795,6357,4774,4686,4797.5,5776.5,3984,3817.75,2786.5,2092,1452.25,1820.75,1962,2229,4673,5659.5,7459,7621.25,10000.5,10440.5,10203.75,9157.5,8173.75,5970.5,5738,5170.5,4354.5,2205.25,3526.5,3441.25,2392,1492.5,1353.5,3644,4875.25,6152.25,6927.5,3734.5,4531.75,2417.25,1675,1579.75,1209.25,2013.75,4066.25,4161.75,4700.5,4726,1954.25,2316.25,1298.5,623,959.75,1035.25,1603.5,1137.5,1478.5,2161.25,2726.25,4105.75,6950.75,6622.75,5721.25,3913.25,1511.5,1629.75,1914,1239,1468,2073.25,2826,3567.25
1865,3954.5,4739.75,5467.25,6543.25,7128.5,7027.75,6126.5,4315.75,3346.25,2649.75,2636.5,2348.75,1893.5,1762.25,1714.75,1936.5,1903.25,1805.25,2314.5,3302.5,3994.75,3849.25,3224.5,3115.75,2913.5,3370.75,2794,2609.25,2337.25,1935.25,1569,1771.25,2273.5,2736.75,2928,2057.25,1230.5,1038.25,1135.5,1218,2899.75,2535,2921.75,6116.5,8543.5,8347.25,9068.5,8881.5,7977.75,7534.25,6200,4408.5,5807,8308.5,4902.5,4006.5,4596.75,5261.5,3491.5,2083.25,3924.75,2926.25,3039.25,3657.75,1458.75,1472.25,1418.25,2000.5,2721,2304.5,1963.25,1949.75,1792.25,1925.25,1702.5,2693.75,3128.25,3321.5,2999.5,2121.25,3134,2707.75,1248,1983.25,1616,1847,3858.25,4594.5,5340,891.25,1042,990.75,2206.75,2235.5,4257.5,5839,5873.5,6051.5,5426.5,5180.5,4871.25,4452.25,5072.75,5072,5178.25,5533.5,6143.75,6245.25,6347.75,4259,4675,6730.25,4532.75,3535,2364.25,2376.5,3026.25,2484.75,1934,1113.75,3607,2929,2306.5,3139.5,6464,10060,10520.5,10428.25,9990.25,7778.75,6150.25,5487.25,5082.25,4715.75,4306,3787,2067.25,1991,1618.5,1295.25,1927.25,4155,5125.75,6987.75,4612,4845.5,4303.25,2972,1217,1126,1768.75,3410.25,6218.25,7015,5220,3781,1865.75,1821,701.5,684,1105.75,1333,1547.5,1470,1609.25,1836.5,2690.5,3328,4646,5767.5,4450.5,1179.25,933.25,875.75,828,813.75,938,987.75,1162.75
1028,1045.75,996.75,1192.75,1275,1214.25,2254.75,2770,2720.75,1953,1587,1837.75,1930.5,1988.5,2037.5,1927,2250.75,2367,2313.5,2299.5,2320.75,2068.25,2316.25,2603.5,3067.5,3180,2561.25,2329,1608.25,1152.75,1327.5,1598.75,2074,2304.75,2604.25,3038.75,2157.75,1588.75,1248.5,1362.75,2711.75,4599.5,3766.25,3165,4652,7534.5,7879.25,8554.5,8886.25,8710,6965.25,5423.25,3774.5,3411.25,5709.5,6987,7505,5437.25,5322,3202,1432.25,2687,2433.5,3260.5,3720.5,2306,1521.25,1905,2039,2158,1946,1884,2080,1774,1678.25,2073.75,2275,2397.25,3014.75,3059.25,1883.25,1786.75,1416,1577.5,3044,2372.75,1813.75,1377.75,1513.25,2432,1034.5,1945.25,2080.5,2499,2857,3128.5,3443.75,4630.75,5085.5,5013.25,5172.75,4851,4967.5,4770.75,4729.25,5105,5104.25,5235.25,5394.25,4705.5,3624.5,4754,3765.25,3185.5,2833.75,1977,1786.5,2496.25,1902.5,1292.75,1688.5,4662.5,4573.75,2327.5,2639,7298.5,9305.25,10167.25,10491,9338.75,6539,5908.25,5529.5,5130.5,4856.75,3846.25,1654.75,2040.25,2002.5,2106.5,1757.5,2276,4333.5,4936.75,3856.25,5493,6541.25,5048.25,4138,1566.75,892.5,1106.75,1714.75,3385.75,6727.5,7362.5,6150.75,4536.75,2740.25,2678.75,1962.75,1253.25,1778.75,1809,1370,1293,1323.5,1389,1324.5,1622,2107.5,2011.75,1324.75,1322,1195,1065.5,954.5,857.25,1042.25,1210.75
1111.25,995.5,922,960.25,877.75,995,1232.5,1911.5,2242,2463,2469.25,1818,2253.5,2276.25,2192.25,1947.25,1843.75,1750,1866.25,2144.75,2300.5,2325,2524.5,1935,1717.25,1705,1684.25,1778.5,1743,2110.75,2046,1701,2431.25,2174.75,2518,2190.75,1796.5,2224.25,2129.75,1705.75,4507.25,4403,4431.5,3807.25,2649.75,5170.75,7279,8055.5,8006.5,7135.25,6406.25,6063,4839,3547.5,2977.5,3312.5,4224.5,3639,3095,4976.5,3281.75,2469,3473.75,4228.5,3911.75,2838.5,1960.25,1886.75,1293,1495.25,2269.25,1911.5,1914,1911.25,1990.5,2182.75,2380.75,2433,2954.25,3320.75,2554.25,2193,2010.25,2313.75,2272.25,1658,1288.25,1235.5,1040.25,1222.5,1324.25,1647.75,2212,2418.75,2233,1692.5,2016.25,1978.75,2379.5,3186.75,3888,3918,4058,3683.25,3076.75,3296.25,4083,4414,4020,3429.75,3799.5,3902,2892,2243,4044.75,3559.75,2300.75,2341.75,1716.75,1919,4460.25,5453.5,4929.25,5128,5894.25,7238.5,8207,7396.75,8006.5,6609.25,5998.75,6375.25,6059.75,5209.75,3613.75,1508,1915.75,2690.25,1948.5,2211.5,1859.5,2742.75,4263.25,4609.5,3238,4965.5,7237.5,5301.75,4102.25,3537.25,1312.75,1114.5,1051.5,1074.5,3027.25,5369.75,6998.5,6540.25,7286.5,6759.75,5932.25,4627.5,2910.5,2866.5,2201,1400.75,1349,1434.75,1448.25,1333.25,1260.5,1151.5,1223.75,1291,1240.75,1012.25,961.75,1055,1137.75,1199.75
2641.75,2104,1890,1619.25,1061.5,1313.5,1421.25,2026.25,2994.5,3325.75,2509.25,2060,2964.25,3452,3498.25,3580.75,3269.25,2008,1871.5,2064,2323,2405.75,2596.75,2664.25,2535.5,3281.25,2599.5,2000.75,1740,1740.25,1440,1885.75,3170.5,2096.25,2027,2107.5,1653.25,2122.5,2005.5,4416.5,5683,5446,4760.75,3727,3462.5,4129,5385.75,5506,4916,4044,3361.75,2867.75,2609.75,3667.75,3543.75,2215,1511.25,2561.5,2100.25,2085.5,3412.5,2464,2020.25,3496.25,3451.25,3306.5,2838,1895,1747,2049.75,2224.25,1847,1680,1696.5,1956.25,2488.75,2784.25,2771.75,2723.25,2566.5,2505.5,2281.5,1931.75,1641,2034.25,2011.75,1508.25,1612.5,1364,1093.5,1254.5,1210.75,1194.5,1283.25,1271.75,1362,1544.75,1787.5,1808.25,1800,1847.5,2148.25,2223.75,1973,1599,1795,2943.75,2999.75,2436.5,3278.5,3401,2536,1692.75,2534.5,5324,5725.75,5018.25,4638,4532.25,4118.5,4806.25,5534,6242.75,6943,6673,8008.75,7786.25,6022.5,5222.25,5480.5,4926,4240.75,3075.25,2437.75,1616.5,1644.5,2345.25,3210,1865.5,2280,3252.25,4314,4483,2416.75,1903,4270,5877.25,4727.5,4110.75,4661.25,2399.25,1532,1382,1134,1077.5,2562.25,4598.5,5040.75,5005,5133.25,5663.25,6093.25,7250.75,6751.5,6202.5,4907.75,2830.5,2392.25,2868,3382.75,2826.25,2367.25,1587.75,1596,1374.25,1455,1825.5,2071,2539,2849.75
2250.75,2292.25,2197,2365.5,2559,2327,1530.5,1696.25,2730,3057.25,3106.25,2968.25,1692.75,1574.75,1949,2843.25,3654,3335.25,2884.5,2999.25,2608.5,1824.25,1798.75,2322.5,3024.25,2625.25,2008.25,2012.5,2374,2691.75,2245.75,2225.75,2254,1948.25,2027.25,1398.25,2214.25,3717.75,3840.5,4622.25,5344,5783.25,4882,3614.75,4922.25,5702.25,6229.25,5477.5,4211.25,2941.75,2582,2974.5,3489.75,3404.5,3239.5,2610.75,1819.5,997.25,881.5,1493.5,3623.25,3405,2306.75,2289.75,3234,2816,2701,1868.75,1883,1266.5,1000.75,899.75,872.75,1156.75,2188.75,2642.25,2770.5,2832.75,2848.75,2862,2667.5,2534.25,2295.25,2676,2961,1642.5,1492.5,1709.75,1850.5,1963.75,2221.75,2310.25,2654,2391.75,1879,1643.25,1859.5,2051.75,2214.25,2733.25,3201,2883.25,3427.25,3146.5,2489.5,3497.75,4368.25,3005.5,3312.25,4318.75,2157.75,1584,1190.75,2089,6492.75,7397.25,5804.25,5540.75,5796,6184.25,7424.25,7954.75,8047.75,8112.25,8205.75,7486.75,5735,4917.25,4793.5,4267.25,3690.25,3083,2217.5,1695.5,1877.25,1691.5,1797.75,3072.25,3182.75,4107.5,4031.25,5459.5,4806.5,2517.5,3920,4644.25,5642.25,4485.75,4913.5,3591,2280.75,1852.75,1757.5,2187.75,3363.25,3144,4058.5,4504,4457.25,4335.75,4937.5,6198,7262.5,6231.5,5328.25,5710.5,6207.25,5151.25,4687.5,3339.5,2782.25,2388.5,1684,1704,1935.5,1744.75,1682.75,1895.25,2740,3176
3125.25,2679.5,2882.25,3091.25,3643,3842.25,2279.5,2828.75,3595,3401.75,3127.25,2208,2543,3256,3878.75,3791.25,3389.5,3403.25,3120.75,2532,2308.75,2804,2510.5,2510,2414,2712.25,2401,2461.5,2798.25,2522.25,2274,2194.5,1801.25,1646.5,1460.5,4036,6166.5,6945.25,6574.25,5834.75,5543.5,5302.75,4825.5,4622,4837,4688.75,4257.75,4618.75,3780.5,3969,4035,4014.25,3860,3054.5,2337,2034.5,891.75,1101.75,1585.75,2749.25,3668.5,2921,1937.25,3137,4269.25,3356.75,4143.25,3397.75,3973.5,3185,3097.25,1964.25,3141,2980.25,2439.5,2367.25,2522,2689,2626.5,2661,2587.5,2925,3191.75,3241.5,2177.25,3431.75,3477.5,4190.75,3457,2234.5,2407.25,2084.25,2422.75,2610.25,1786.5,1748.25,1913.25,1699.75,2441,3328,4212.5,4227.25,4679.25,4203.5,4291.75,5299,5269,3235.25,4634.75,2703.5,1145,1186.25,1213.5,1323,2471.25,3914.75,3828.25,5031.25,5856.75,5363,6001.75,6292,6447,6262.75,5513,4426.75,4158.5,3709.5,3290,3042,3270.5,2439.5,1873.25,1666.25,1757,1099.75,1496.75,2275.25,3417.75,5495.25,4740.75,4622,4898.25,4907.5,5657,5648.25,4665.75,4456.5,4914.25,4448.5,3244.5,2287.25,1785.75,2523.75,3705.25,4621.25,4600.25,4700.75,4274.75,4009.5,4577.75,4122,5042.5,4672,4607.75,4273.75,3866.5,3742.25,2539,1988.25,1780.25,1817.75,1976.75,2059.25,2211,2282.25,1973,2035.5,2667,3462.5
2935.75,3000,3173,3255,2817.25,2897.25,2547.75,2072,2417.5,2463.25,3082.25,3255.75,3186,3388.75,3231.75,2831.5,3040.5,2259.5,1842.5,2153.25,2398,2602.75,2337.25,2296.25,2255.5,1854,1977,1847.25,1854.75,1815,1884.75,2048,3324.75,3862.5,6154.25,7189.5,7496.5,7281.5,5567.5,4934,5145.75,5219,5000.5,4586.5,3872.5,3810.5,4031.25,4566.25,4537.5,4309.75,3135.75,2513.75,1999,1237.5,1151.5,2271.75,3062.25,3400,3522.75,2660.25,3562.5,4533.5,4734.25,6678.5,6448.5,4669.25,3496.75,4543,5772.5,5040.25,4747.75,4426.75,3218.5,2604.75,2275,2164.5,1806.5,2062.75,2303.75,2256.5,2320.5,2621.5,2759.25,2550,2751.5,3254.25,2600.75,2994,2469.5,2166.25,2567.25,2611,2503.75,2498.25,2405.5,2262.75,2115,2500,3079.5,3619.75,5375.25,5059,5380.5,5960.25,6527.75,6487.75,5077.75,5088.75,5776.5,2813.75,1562.75,1104.25,1186,1391.75,1396.5,1405,1475.75,1798,3123,4801.5,5103.5,4761.25,4531.75,4035.25,4091,3707.5,3551.5,3699,4203.5,4102.25,3431.25,2630.75,2001.5,833,851.75,445.5,760.5,1027,2148.5,4915.75,5313.5,5230,5015.25,4714.75,4662,4492.25,4944,5052.5,5115.25,3038,1795.75,1664.5,1301,1291,2117.5,2003.5,2068.5,1866.75,1520.5,1980.75,2444.75,3173.25,3060.25,2351,2127.5,2164,2148.25,2181,2086.25,1788.25,1619,1413.75,1472.25,1628.5,1695,2728.5,2735.75,3222.75,4090.75,4317
2024.5,3072.75,2953.75,2600.75,2178.5,1848,1707,1924.75,1693.75,1750.75,1855.5,2024,2615,2699,3229.25,2942,2687,2679,2394.25,2138.5,1984.75,1957.25,2001.5,2506.75,2776.5,2296,1779.75,1638,1372.75,1831.5,3085.25,4844.5,5427,5955,7039.25,7232,6123,4990,4544.25,4481.75,4412,4307.25,3778.5,2916.5,2378,1802,1560.5,1792.25,2145.25,2333.75,1749.25,1145,1298.75,1887.25,2310.5,2271.25,4360.25,4787,5091.25,5574.5,7303.75,7493.5,7748.5,8005.75,6326.5,5017.25,5323.5,6924,6593.25,4859.75,3254.5,3234,3726.5,3231,2891.5,1983.5,931.25,428.25,442.25,619,1194,1258.25,1605.25,2391.75,2813.75,2799.5,2378.25,2407,2497.25,2341.75,1756.75,1704.75,1498.75,1984.5,2392.75,2253.75,2124.75,3199.5,4026,4759.5,5560,6164.25,6549.25,7050,7023.25,6508.25,6162.25,5820.5,5071.75,3734,2628.75,2345,2566.75,2359.75,1609.5,1087,977.25,1298,1891.25,3128.75,2328.5,3167,3816,3341.75,2986.5,2879.25,2256.25,2259,1835.5,1171,755.25,722.75,298.75,80,121.75,628,1345.75,805.75,1048.25,4158.75,4904,4539.75,4166.5,4067,4636.25,5613.25,5721.25,4737.25,4033.75,3235.75,2036.25,1663,1576.5,1164.25,676.5,522.5,364.25,453.5,662.5,509.5,640.5,500.5,885.5,838.75,495.25,829.75,1090.5,1330,1405.5,1546.5,1606.5,579.25,757.25,853.75,634.5,737.5,1631.25,2386.5,2753.5,2770.5
1402,1378.75,1397.75,1590.25,1521.25,1411.25,1595.25,1374.25,875.75,1063,1078.5,953.25,1258.25,1249.5,1061.75,1469.75,1396.75,959.5,1344.5,1956.5,2496.75,2617.75,2461.25,2185.5,2410.25,1401,1311.25,1191,1251.75,1829.25,3442.25,5434.5,5869.25,6250,6303.75,4772.75,3769.5,3294.25,2929,2514,1935.75,1022,737.25,850,1314.5,967.5,823,1247.75,1456.75,1201.5,1572.25,1922.25,2608.75,2298,2577.25,3746.25,5286.75,6494.5,7117.75,6883.25,7180.5,6952.75,7095.5,6955.5,6825,6532.5,5295.25,4233.25,2280,751.5,1321.25,2214,2466,3579.75,3785,3949.25,3384.75,2051.25,333.25,79.5,441.75,1125.25,1096,1463.75,2160.75,3430.25,2533.5,3503.75,3488,3610.75,2543,2147.25,1998.75,2437.25,2385.5,2504,2412,3258,4002,4436,4100.75,4129.75,4350.75,4500.25,4805.25,5674.5,5255.75,4831.75,3819.75,3694.75,2383,930.75,1913.25,2190.75,1530.75,1852.5,3184.5,2335.25,2179,1890.5,1297.25,993,891.75,377,350.25,314,555.75,872.25,1046.75,1159.75,1627.25,1432.75,854,1614.5,1408.5,2194.75,2551.5,2575.5,2214,2349.25,4148.75,4404.25,4958,4954.25,4536.75,3805.25,3312.25,2451,1190,1317,1680.25,1236.5,1014.5,1175.75,1559.75,3271.25,3552.5,4803.5,4901,3797.25,2566.75,1992.75,1357.25,853,1266.75,625.25,609.25,554.75,18.5,27.75,46.75,23.25,52.5,41.5,14.5,179,492.25,832,1237.5,1523.75
1424,1209.5,1541,1486.25,1469,1334,866.75,425,167.25,36.75,48,321,703.5,772.75,803.5,675.75,911,1716.5,1998,2104.5,2045.25,1949,2037.5,2025.25,2253.25,1059.25,818,1109.5,1829.25,2653.75,4538,5059.5,4788.5,3921.5,3156,2037.75,1496.25,1461,1315.75,921.75,580,851.5,1421.75,1101.25,884.25,1083.5,1737.25,2479.5,1609.25,1639.25,1847.25,2140,2904.5,3749.75,5329,5629.25,6469.25,6180.75,5878,6248.5,5739.5,5921,6189.5,6110.5,4923.75,4097.25,3270.25,1587,433,125.75,440.75,1692.5,3097,4648.5,4433.5,1753.5,1351.75,1033.75,1545.5,150.5,801.5,1348.75,1280.25,924.75,1380.75,2889,3760.75,3598.75,3059.5,3614.25,3812,3155.5,2869.5,3489.25,3897,3509.25,3566.75,3673.25,3963,3802.5,3314.25,2793,2735.75,2773,3335.25,3712.5,2910.5,3015.25,2619.25,2004,2520.25,2203.75,2566.75,2860,2751.25,3163.5,3771.5,3070.25,4339.75,5291.25,5327.5,4776.5,3800.5,3085,1871.25,1854,2312.5,2413.5,1596.25,2841.5,2812.25,2535.25,2590.75,2930.5,2878.5,2560,2494.5,2743.25,2424.25,2271.75,2392,3311.5,4786,5227,3726,5019,2850,4355.75,4237,2867.5,2274.75,2255,2982.25,4420.666667,5866,4905,6141,-9999,6030,5237.666667,3879,3589.5,4930.75,3033.25,3592.25,3601.5,3712,1355.333333,804.5,1031.75,299.25,252.75,230.25,132.25,22.5,229.5,798,1011,1181.5,1544.25
2014,2056,2093,1877.25,1550.5,1236.5,1114,549.5,485.25,359,349.5,615.75,905.25,1217,1502.25,1908.5,2116.5,2204.5,2175.5,2543.25,2432.75,2502.5,2346.5,1939.5,1347.25,1496.25,2135.5,2989,3509.5,3954,4603.5,4842.5,4894.75,4662,3999.5,3094.25,1697,376.75,531.75,564.5,553,1053.75,1201.75,1190,1566.25,2349.75,2735,3296.5,2885.25,3493.75,4210.5,4888.75,5817,5623.5,6199.75,5499,6131.5,6345.75,5431.75,4642,5244,5914.5,5207.5,4744,4126,2459.25,1447.25,551.75,307,596.25,1303.5,1584.5,2771.75,3069.25,1938.25,1270.75,807,767.75,1582,2645.25,1599.5,1602.75,1698.75,1332.75,1852.25,2330.5,2968,3081.75,3059.25,2858,2671.25,3091.75,3290,3100.25,3374.5,2997,2859,3640.5,3655,3577.75,3850.5,2828.75,2056.5,2738,2821,2050.25,2552.5,2952,3229.5,2895.25,2915,2624.5,3323.5,3602,3606.25,3821,3438,2934.75,4212.75,5333,-9999,2448,2147.5,1757.75,476.25,619.5,2174.5,2715.75,3146.5,3677,3886.75,3951.5,5024.25,5099.75,4923,4665,5271,5416.75,3806,2798.25,-9999,-9999,-9999,-9999,-9999,-9999,-9999,-9999,-9999,3425,3425,6267.5,6643.5,-9999,-9999,-9999,-9999,-9999,-9999,-9999,2272,2161,2946.75,3735,3940.75,5299.5,5554.75,5675,5653,4447.25,1183,1148.75,1808.25,1922,2403.25,2325,1999,2122.25,1908,1805.75
1807.25,1539.75,1354,1403,1222.75,913.5,894.75,926,1043.5,1390,1826.25,2754.5,3184,3118,2747,2713.25,2577.25,2600.25,2732,2572.5,2296,1975.5,1751,1933,2878.75,3769.75,4117,4271.75,4661.75,4958.75,5087,4528,3767.75,2929.25,1106,2102,1642.5,267.25,638.75,1734.25,2607.75,3298.5,3852.25,4548.5,5028.25,4606.75,4563.75,4355.25,5319.75,6107.25,6439.25,6216.5,6452,6270,6095,5956.75,5910,6012.75,6039,5996.5,5989.75,5092,3607.25,2453.25,1582.5,895.25,955.75,1321,1391,1771.75,1683,1138,1600.75,1794.25,2498.25,2053,1064.75,1699.25,1387.75,1869.25,3397.75,2892,3675.75,3603,3013.75,3036.5,3368,3855.75,3801,3763.75,3637.5,4015,4294.75,3344,3116.25,3450.5,4043,4896,4808,4768.75,4391,4406.333333,4240,3486.75,5094,4611.25,5521.25,5814.5,6106.25,5967.25,5836.5,4725.75,4193,3799.25,3330.25,3226.25,3085.25,3108.75,5422.25,4954,3241.75,2423.5,2253.25,1403.5,2490.25,3209.75,3798,3933,4381.75,4354.25,5019.75,5299.25,5701.75,5751.75,5641.5,5795.5,6262,5234.75,3566.666667,-9999,-9999,-9999,-9999,-9999,-9999,-9999,-9999,-9999,-9999,-9999,-9999,-9999,-9999,-9999,-9999,-9999,-9999,-9999,-9999,-9999,2613,2250,2283,2446,2295.25,2205.5,2783.5,3455.333333,3182.5,3368.25,2765.75,3076,3214,3517,4707.75,3513,2776.5,2785.25,2295,2285
3732.25,2778.25,2594,2477,2202,2078.75,1957.5,1983,1799.5,1877.25,2086.5,2435.5,2538.5,2450.5,2423,2462.75,2527.5,2448.25,2447.25,2658.75,3199.75,4277,3978.75,4964,5321.25,4994.5,4785.25,4772.75,4618.75,4361.5,4685,4235,3903.75,3834.75,3219.5,1730.75,1370.5,1338,1213,2266,3054,3772.5,4029.25,4394.75,4444.5,4567.5,5024.5,5330.25,5541.75,5684.75,5636.5,5581.5,5469.5,5304.5,5171.75,4887.5,4997.75,5087.25,4077,4085.75,3234,2436.5,1677.75,2498.5,2732,2203,2439,2161,2148.75,2786.75,2237.25,2056.5,1802,1454.75,983.75,1042.25,1710.75,3018.25,2150,2669.5,3331,3458.75,2847.75,2956.5,3758,4130.25,4753,5415,5530.75,5440,4830.25,5368.75,5568.5,4579.75,3426,3525.75,3422.5,3400,3400,3400,-9999,-9999,-9999,6700,5765.5,6293.333333,6413.75,5607.666667,5974.333333,5258,6000,4814,3806.5,3396.75,3392,3331.666667,3444.333333,4977.75,6049.25,5178.25,4828,3520.5,2623,2947.5,3220,3849.5,4050.25,4155.25,4807,4876.25,5598,5699.25,5806.75,5886.75,6067,6310,6584,6866,-9999,-9999,-9999,-9999,-9999,-9999,-9999,-9999,-9999,-9999,-9999,-9999,-9999,-9999,-9999,3100,3142.666667,2900,2900,2900,2900,-9999,-9999,-9999,-9999,2488.5,2484,2324,2178.5,2393.75,2541.5,2590.5,2487,2134,1921,2999,3487,3161,3901.25,4698.5,4809.25,4486.25
4558.25,3650,2909.5,2697,2550.5,2753.25,2925.75,3482.75,3877.5,3268.25,3463.75,4349.25,4357.75,4631.75,5613.75,5859,5915.75,6072,6182.25,6065.75,6292.25,5965,5810.5,6410.5,5902,5252.75,4762.25,4982.5,5066.75,4429,4711.25,5093.25,5342,5014,2557.75,2512.25,3393.75,3419.25,2250.5,1625.75,2218.75,2955.75,3501.5,3943.75,4361.5,4339.5,4583.25,3980,4311.25,4062.75,3846.75,2593.5,2301,2279.5,1550.25,1440.5,1336.5,1127.25,1287.75,1062.5,402.75,283.25,354.25,762.5,1509.5,1097.75,393,314.25,418.25,1112,1323,1348,722,1328.75,1094.25,1239.75,1333.25,1837.5,2939,3322.75,2555,2772,3089.25,3578,4505.25,4583,4554.75,4386.75,4343.75,4588,4918,5215.25,5084.75,4798,4463.75,4273.25,4434.75,4291.5,4777,3508.25,3646.5,4048.25,3600,-9999,3600,-9999,6051,4762.5,4913.5,3600,-9999,-9999,-9999,-9999,-9999,-9999,-9999,-9999,6600,6571.333333,5980.5,5525,4442.25,4278,4583.25,5023,4956.75,4678.25,4727.5,4938.25,5398.25,5817,6057.25,6280,6465,6777,-9999,-9999,-9999,-9999,-9999,-9999,-9999,-9999,-9999,-9999,-9999,-9999,-9999,3150,3150,3594,4351.333333,4130.333333,3260.25,3068.75,2908.75,2803.75,2744.333333,2737.5,2500,2506.5,2470.5,2497.5,2429,2345.25,2336.75,2449.5,3266.75,3968.5,2764,3435,2657.5,2825.5,3784.75,4482.25,4768.75,4976,5289.5,5406.25
5256.25,5382.25,5526,5477.5,5525.5,5786,6153.5,6431.5,6636.75,7088.5,7072.75,7204.25,7364.25,7448,7367,6776.5,6722,6944,6995,6626,6691,6961.25,7096.75,7372.75,7840.75,8039.5,7672,7300.75,7020.25,6972.5,6910.5,6607.75,4028.5,2714,2144.5,2644,3319,3716,3594.5,3093,2855.5,4032,3689.75,2988.5,2774.25,2671,2504.25,1320.75,1078,1749.75,1828,2059.25,2352.75,2943,3130.75,2876.25,2853,3443,2457.333333,2439.75,473.6666667,22,863,0,5800,6362.5,1312.5,3639,3746.666667,104,112,3174,711.75,513.75,520.25,1116.5,2521.25,3472.25,4103.25,3575,2865.75,2484.5,2714.25,2439,2631.75,2704.75,3248,4165.5,4401.25,4481,4730.75,4958.5,5009.75,5153.5,5057.25,5094,5848,6151.75,5892.5,4630,4646.25,5090,3729.75,4303.5,3425,3425,-9999,-9999,4237,3990,-9999,-9999,-9999,-9999,-9999,3650,-9999,-9999,7475,6493.5,6658.5,6125,5495.75,5010.75,4939.5,5237.75,5267.25,5466.5,5704.5,5480,5856.25,6106.5,6347.5,6631.5,6614,-9999,-9999,-9999,-9999,-9999,-9999,-9999,-9999,-9999,-9999,-9999,-9999,-9999,-9999,6590,3308.25,3648.25,3463.75,3454,3288.5,3069.5,2924,2765.75,2611,2520,2464,2445.5,2403.75,2308.5,2193,2651.75,3145.5,3110,2514.75,2045.5,3373.75,4755.5,4739.5,5034,5350,5769.25,6000.75,5672.5,5399.75,5266.25
7785.5,7898.25,8131.75,8256.75,8451.75,8560.5,8653.25,8509,8543.75,8226.25,7840,7882.25,8216.75,8370,8429.75,8169.25,8216.75,8283.25,8821.25,8790.25,9035.75,9235.25,9139,8866.5,8971.5,9002,8609.5,7924,7469.5,7450,7452.5,7586.25,6754.25,4019.25,2327.5,2056.5,2038.5,2274.25,2324.5,2484.75,3096.5,2784.25,2193,2188.25,2357.75,2390.75,2608.75,2385.25,2473.75,3159,4312,4919,5297.25,5922.5,6302.75,5939.5,4518,1725,750,2833,200,-9999,200,200,226.3333333,439,200,200,328.5,722.5,496.6666667,502,650.75,1044.25,786.25,1113.75,2504.666667,2792,824.5,1130,1409.75,1598.75,1994.75,2363.75,2810,2965.75,3213.5,3582,3860.25,4249,4537.75,4809.75,5056,5051,4931.5,5122.75,5169.75,5291,5373.5,6023.5,5743.25,4722,3986.75,3331.25,3662.333333,4016.333333,3372.25,4235.333333,3540.5,3283,-9999,-9999,7650,-9999,-9999,-9999,-9999,-9999,-9999,7233,5883.333333,6039.666667,5749,5666.333333,4558,5029,4402,5306,4636.5,4545.75,-9999,-9999,-9999,3900,-9999,-9999,-9999,-9999,-9999,-9999,-9999,-9999,-9999,-9999,-9999,-9999,-9999,3150,-9999,-9999,2916.666667,2950,2950,2900,2776,2745.25,3693.25,2759,2473.5,2336.5,2306.25,2193,2278.75,2987.25,3604,3777.25,2212.5,1516,1933.25,2979.5,3806.25,5215.5,6112.75,6237.75,6682.25,7050.25,7131.25,6887,7226.5,7304.5
8337.5,8305.25,8135,8502.75,8831.25,8767.75,9047.5,9053.25,9034,8877.25,8574,8608,8638.5,8687.75,8826.5,8787.75,8594,8584.5,8479.75,8487.5,8378,8432.5,8112.5,7858.25,7645.5,7623,7532.25,7622.5,7636.5,7581,7373.25,6967.5,6330.75,5340,4555.75,4800.5,4754.75,4110.25,4266.75,3886.25,3140.75,3351,3442.5,3732.5,3725.25,3562.75,3185.75,2979,2600.5,3300,3907,4596.25,5095.333333,4987.5,4263.666667,3317.5,4600,3183,2598.25,3488,4100,4360.666667,3558.333333,2021,1578.5,3318.25,2694.75,2533.75,3160.5,1724,1083,-9999,-9999,-9999,-9999,-9999,-9999,-9999,1679.75,1760.75,1846.5,1891.75,2004.25,2082.75,2613,2810,4473,4605.666667,4561,5149.5,5037.5,5205,4299.5,3570,6100,5650,3110.5,-9999,6000,6283.5,5278.5,5886.5,5949.5,5996.25,5360,4953.75,5117,4614.75,4754.5,5897,3250,-9999,-9999,3350,3350,3381.5,3553.666667,3600,3600,3650,4472,3650,5800,3850,-9999,-9999,-9999,-9999,-9999,-9999,-9999,-9999,-9999,-9999,-9999,3562.5,3625,3500,-9999,-9999,-9999,-9999,-9999,-9999,-9999,3150,-9999,-9999,-9999,-9999,2900,2900,-9999,-9999,-9999,-9999,3368.5,2775,2370,2350,2425,2434,2442.5,2488,2639.25,2388.25,2618.25,2512.75,2826.5,3076.75,3355.5,3091.25,3137,3549,5302,5620.25,6055.75,6839,7251.25,7426.5
6363.5,5059.5,5529.75,6085.5,4866.5,3828.75,4308,4408,5034,5850.75,5546,5921.75,5540.25,5762.5,6361.5,6672.5,6757.25,6710.75,6618,6760,6111,6145.75,5982.25,5883.5,6122.75,5690.75,5202.25,5076,5032.5,4422,3998.25,3785.75,3586.75,3656,4200,3882.75,4446.25,5180.25,5475.75,4267.75,3134.75,4554,4689.333333,3925,3551.5,3176.75,4039.25,3693.666667,4994.666667,5472.5,5425,5375,3244.333333,3783.333333,3750,5193.75,4091.666667,3475.75,3849.75,4960.75,5146.75,5231,5294,5113.5,3436.5,2915,3672.5,3359.5,2633,-9999,5300,-9999,-9999,-9999,-9999,-9999,-9999,6050,6266.5,6150,4202,4933.333333,5039,5133.333333,4450,6470,6475,6650,4325,6250,6425,6500,6500,6373.5,6250,6338.666667,6337.25,6312.5,5973,5952.25,5642.5,5517.75,5502.25,5705,6075,6321.25,6454.333333,-9999,-9999,-9999,-9999,-9999,3353.5,3350,3350,3350,3350,3350,-9999,-9999,-9999,-9999,-9999,-9999,-9999,-9999,-9999,-9999,-9999,-9999,-9999,-9999,-9999,-9999,-9999,-9999,-9999,-9999,-9999,-9999,-9999,-9999,-9999,-9999,-9999,-9999,-9999,-9999,-9999,-9999,-9999,-9999,-9999,-9999,-9999,-9999,-9999,-9999,-9999,-9999,-9999,2550,4260.666667,3386.25,3739.75,3670.75,3372.25,3539.75,3778.25,3906.5,4471.25,4348.75,4132.5,3838.5,3828,4805.75,5347.5,4817.75,4080.25,4332
4723,5151.25,5321,5189.25,4768.25,4477.75,4851.75,5116.75,5056.75,4730.25,4878.25,4223.5,4127.5,3641.25,4185.75,5108.5,4544.75,3461.25,3966.5,3638.5,4351,4880.75,4205.75,3989,3013.25,4216.25,3093.25,3053.25,3450.5,3463,4333.5,4478.333333,3003,3931.25,3937.5,3200,5228,4518.75,4500,-9999,6650,6850,6712.5,6828,6650,6587.5,6650,6400,5350,5475,-9999,5350,5350,5100,-9999,-9999,5350,-9999,-9999,-9999,-9999,-9999,-9999,-9999,-9999,-9999,-9999,-9999,-9999,-9999,-9999,-9999,-9999,-9999,-9999,-9999,-9999,-9999,-9999,6250,6275,-9999,6450,-9999,-9999,-9999,-9999,-9999,-9999,-9999,-9999,-9999,6250,-9999,-9999,-9999,-9999,-9999,-9999,-9999,-9999,-9999,-9999,-9999,-9999,-9999,-9999,-9999,-9999,-9999,-9999,-9999,-9999,-9999,-9999,-9999,-9999,-9999,-9999,-9999,-9999,-9999,-9999,-9999,-9999,-9999,-9999,-9999,-9999,-9999,-9999,-9999,-9999,-9999,-9999,-9999,-9999,-9999,-9999,-9999,-9999,-9999,-9999,-9999,-9999,-9999,-9999,-9999,-9999,-9999,-9999,-9999,-9999,-9999,-9999,-9999,-9999,-9999,-9999,-9999,-9999,-9999,-9999,-9999,-9999,6375,6350,5204,5002.666667,4758,4362,4323,3549.25,4068.5,3727,3961.75,4278.25,3985.25,3900.5,4143.25
3100,-9999,6700,-9999,-9999,-9999,-9999,-9999,-9999,-9999,-9999,-9999,-9999,-9999,4133,2800,6700,4925,6150,6400,6400,-9999,-9999,-9999,-9999,-9999,-9999,-9999,-9999,-9999,-9999,-9999,-9999,-9999,-9999,-9999,-9999,-9999,-9999,-9999,-9999,-9999,-9999,-9999,-9999,-9999,-9999,-9999,-9999,-9999,-9999,-9999,-9999,-9999,-9999,-9999,-9999,-9999,-9999,-9999,-9999,-9999,-9999,-9999,-9999,-9999,-9999,-9999,-9999,-9999,-9999,-9999,-9999,-9999,-9999,-9999,-9999,-9999,-9999,-9999,-9999,-9999,-9999,-9999,-9999,2650,-9999,-9999,2650,-9999,2675,2650,-9999,2683.333333,2675,2700,2675,2650,2700,2691.5,2675,2700,2700,2662,2733.333333,2900,2900,3070.75,3203.666667,3100.75,2920.25,3097.75,3127,3114.75,3093.75,2932,2950,2966.666667,3690,3050,3016.666667,3125,2950,3150,3150,7000,-9999,-9999,-9999,-9999,-9999,-9999,-9999,-9999,-9999,-9999,-9999,-9999,-9999,-9999,-9999,-9999,-9999,-9999,-9999,-9999,-9999,-9999,-9999,-9999,-9999,-9999,-9999,-9999,-9999,-9999,-9999,-9999,-9999,-9999,-9999,-9999,-9999,-9999,-9999,-9999,-9999,-9999,-9999,-9999,-9999,-9999,-9999,-9999,-9999,-9999,-9999,-9999,-9999,-9999